Date,MARA,RIOT,SMCI,SOFI,RIVN
2021-04-22,22212700,27895100,2399000,3141200,
2021-04-23,21697800,25722600,2118000,3029400,
2021-04-26,20890200,19234300,1804000,1964800,
2021-04-27,12994300,13779300,1539000,2583000,
2021-04-28,20558200,15088700,1379000,1771200,
2021-04-29,15562100,12765300,1063000,2095200,
2021-04-30,22154500,15422800,2398000,1385100,
2021-05-03,17671200,14120700,1919000,1636500,
2021-05-04,14261900,15015600,2466000,1985800,
2021-05-05,15077600,12083500,2728000,290200,
2021-05-06,13903800,14595100,2279000,2630300,
2021-05-07,11735100,11020900,1639000,5987800,
2021-05-10,17201100,15802800,2056000,4997000,
2021-05-11,23322000,19802800,1679000,5043000,
2021-05-12,20186900,15277500,1941000,4218100,
2021-05-13,33368400,36110500,2064000,3765200,
2021-05-14,24535800,22633700,2226000,2838700,
2021-05-17,19471000,19807500,1092000,2563400,
2021-05-18,16461700,24456900,1812000,5163700,
2021-05-19,33073100,41600100,1589000,4685700,
2021-05-20,22823400,24949500,1236000,5498600,
2021-05-21,20760500,24553800,1699000,3054800,
2021-05-24,22112000,22951100,1484000,5276200,
2021-05-25,13849400,16489500,1942000,9338500,
2021-05-26,23333400,28262400,1229000,6073300,
2021-05-27,20543600,23524200,3718000,4097900,
2021-05-28,12356100,13679800,1745000,5370500,
2021-06-01,11831000,14647700,1952000,9159400,
2021-06-02,12685500,14458600,4564000,14678900,
2021-06-03,9132900,11061800,1080000,5879000,
2021-06-04,8142400,9402500,973000,13434200,
2021-06-07,7793100,8729900,1671000,4755400,
2021-06-08,13667200,13799500,1299000,11306900,
2021-06-09,17945200,21515700,1571000,9407300,
2021-06-10,12889400,14163500,905000,6526500,
2021-06-11,7224800,8444000,831000,2769400,
2021-06-14,20040200,25489000,1262000,4099800,
2021-06-15,14980400,12984900,1962000,3531200,
2021-06-16,10244900,10166400,1261000,9596000,
2021-06-17,11472600,10132200,1746000,7359600,
2021-06-18,9797000,10785800,3222000,5991500,
2021-06-21,10225800,11017900,2228000,3590300,
2021-06-22,18428400,17705200,1970000,6586300,
2021-06-23,9348300,10016800,1786000,5328500,
2021-06-24,10040900,9375400,1268000,6475100,
2021-06-25,22895500,18800900,7820000,36679200,
2021-06-28,10762600,11326700,1188000,56821000,
2021-06-29,14213800,14903700,937000,57158300,
2021-06-30,9633700,8321200,2181000,27479600,
2021-07-01,5881700,6548200,1229000,19839100,
2021-07-02,4748900,4630200,1439000,25687900,
2021-07-06,5946400,6065900,1422000,20245500,
2021-07-07,5634100,5920300,1466000,17530000,
2021-07-08,5225900,5669600,1406000,18443700,
2021-07-09,4204500,5794600,3849000,17663000,
2021-07-12,4555300,5351100,1658000,14071000,
2021-07-13,4209000,4132900,2295000,16623000,
2021-07-14,4784000,5016900,2560000,19069000,
2021-07-15,4665000,4710500,2657000,16186000,
2021-07-16,4749100,4685500,2676000,14214600,
2021-07-19,5960300,6156000,2979000,14780900,
2021-07-20,6292400,6995500,2483000,11683000,
2021-07-21,10684900,11923100,1311000,27892400,
2021-07-22,6719800,7155500,945000,18833300,
2021-07-23,5328100,7639700,695000,10370000,
2021-07-26,18732800,23666900,992000,8994900,
2021-07-27,8900700,8746200,1161000,16735400,
2021-07-28,6461800,8729100,1182000,10131600,
2021-07-29,6233000,7116200,1888000,12748300,
2021-07-30,4791900,5497300,1868000,6653700,
2021-08-02,9763700,11575900,1775000,15097600,
2021-08-03,7987500,8041900,1363000,16166800,
2021-08-04,9121700,9251100,1934000,25718500,
2021-08-05,11624200,10273800,1951000,14501500,
2021-08-06,17648900,11749500,1963000,13993700,
2021-08-09,18631500,24700600,2981000,15571300,
2021-08-10,8647700,12301900,2374000,12830200,
2021-08-11,8581600,14019100,3618000,17104700,
2021-08-12,6146300,7247000,3219000,35861400,
2021-08-13,9910400,9797000,3036000,59983500,
2021-08-16,6224800,7496200,2510000,26155000,
2021-08-17,7216500,7874600,2037000,31925000,
2021-08-18,6087400,7315800,1186000,20754500,
2021-08-19,8219200,9289800,1614000,15576700,
2021-08-20,15533200,11635900,1556000,17618000,
2021-08-23,19439800,11981400,1226000,13277100,
2021-08-24,10997100,11224100,1442000,13649900,
2021-08-25,9732400,12404600,1474000,13785300,
2021-08-26,7795500,6640400,2488000,16743800,
2021-08-27,13083300,12115300,3027000,19756400,
2021-08-30,9673400,7975600,2546000,15445700,
2021-08-31,8161900,7035300,5254000,14530700,
2021-09-01,9554300,15357400,1768000,16856500,
2021-09-02,10899600,16653700,1498000,19534100,
2021-09-03,12697600,16981200,1512000,18793200,
2021-09-07,15592800,17896400,1130000,21664600,
2021-09-08,7771900,8526800,1187000,15621400,
2021-09-09,9530900,8909300,1109000,18395800,
2021-09-10,8576200,9130000,1411000,17029500,
2021-09-13,8485100,10625200,1109000,20253100,
2021-09-14,7443600,7461800,1272000,24475700,
2021-09-15,9514000,9600100,1210000,34832000,
2021-09-16,6203800,7185700,977000,24121300,
2021-09-17,6082300,6795600,4647000,55126300,
2021-09-20,8322100,10260900,2115000,27954600,
2021-09-21,6551400,6340400,2585000,23601500,
2021-09-22,8110800,6237000,1637000,55383300,
2021-09-23,7151300,6239100,1540000,29369500,
2021-09-24,8227600,7881500,1068000,22923000,
2021-09-27,5463400,6440900,1399000,35517600,
2021-09-28,5648300,6685000,1269000,25569500,
2021-09-29,7559700,5357900,900000,38323200,
2021-09-30,6362900,6539400,1269000,38688800,
2021-10-01,8287800,9501500,891000,18850300,
2021-10-04,7867000,8385400,788000,21849700,
2021-10-05,11565400,10643900,759000,13941200,
2021-10-06,15438700,16411900,1431000,11896400,
2021-10-07,8015100,9209300,1413000,15267800,
2021-10-08,7564200,8259200,512000,11054400,
2021-10-11,14174500,16105900,595000,69669600,
2021-10-12,10236200,12790200,1017000,47239700,
2021-10-13,9918800,10188000,1111000,31335900,
2021-10-14,10298100,9822100,1636000,33917700,
2021-10-15,22547400,28983600,3294000,22190300,
2021-10-18,22345400,22704100,1287000,48421800,
2021-10-19,23597600,26639500,1291000,26292200,
2021-10-20,22137700,21216200,1296000,25757100,
2021-10-21,15392100,15225600,1203000,24771700,
2021-10-22,9819500,10903400,1024000,18994500,
2021-10-25,14915800,11337100,1135000,15053100,
2021-10-26,10082200,8672600,3700000,26725500,
2021-10-27,8853300,9726400,1073000,17585700,
2021-10-28,11053600,8482600,1832000,15070700,
2021-10-29,9944600,9420700,3371000,11538000,
2021-11-01,15363300,10537300,1541000,52780200,
2021-11-02,18599300,22518600,1735000,35482300,
2021-11-03,14060200,16720200,8587000,26468800,
2021-11-04,10292100,15392400,11788000,18496800,
2021-11-05,7396900,8936300,7256000,19635300,
2021-11-08,16719500,27320300,2578000,16884900,
2021-11-09,16497800,29118900,1802000,24573000,
2021-11-10,19254300,28296300,2333000,46108800,103679500.0
2021-11-11,10760600,13000400,1178000,72680100,83668200.0
2021-11-12,13218900,23594800,938000,29275500,50636800.0
2021-11-15,34932900,28541600,1584000,30384300,64982300.0
2021-11-16,27102900,27773800,2560000,41386800,94036600.0
2021-11-17,18385300,15912600,1447000,18998300,71765600.0
2021-11-18,13860500,18520100,1600000,25447500,63603600.0
2021-11-19,14141900,14420700,1850000,25321200,49479400.0
2021-11-22,13165700,16233200,1682000,39766000,40993900.0
2021-11-23,11340000,13270000,1326000,31341700,24967900.0
2021-11-24,8088600,11818400,1079000,28778600,11539200.0
2021-11-26,6711200,8234600,1884000,13253100,9871200.0
2021-11-29,11242800,16308300,2072000,23366900,13923900.0
2021-11-30,14540700,22146600,3548000,67190100,20204900.0
2021-12-01,18641100,22530900,3351000,34471500,13289700.0
2021-12-02,13241200,19444900,1762000,27033800,10835500.0
2021-12-03,16794900,24201300,1889000,64350700,13819200.0
2021-12-06,16394800,20225300,2012000,34134800,19725400.0
2021-12-07,11198800,13153600,1663000,30846600,12173300.0
2021-12-08,8408800,10704200,1529000,25262600,12816000.0
2021-12-09,11781500,13750900,1490000,32398900,8474800.0
2021-12-10,8529300,10045600,2192000,41344200,8387500.0
2021-12-13,11589800,11565900,1459000,40507500,14737500.0
2021-12-14,9912800,9702200,1409000,26707800,8057700.0
2021-12-15,15213100,14907600,2239000,33540400,10828600.0
2021-12-16,11334200,11068200,2796000,43018000,13627600.0
2021-12-17,11665000,13789400,4024000,44408700,44475000.0
2021-12-20,9289200,10172300,3541000,31658600,16072700.0
2021-12-21,9805900,8805400,1731000,27695600,12915100.0
2021-12-22,8122900,7726200,1888000,24332100,8644100.0
2021-12-23,15471700,13639500,1260000,19824000,5670100.0
2021-12-27,14334500,9713700,3247000,19826700,15497000.0
2021-12-28,12501100,9570900,1408000,24049700,8821300.0
2021-12-29,8734700,7342300,2500000,20899600,8754900.0
2021-12-30,10789500,8721600,1363000,41348700,10874700.0
2021-12-31,8982500,8680600,925000,30798200,5814900.0
2022-01-03,6798800,7226500,2522000,27500900,8346800.0
2022-01-04,10570500,11870000,3054000,34175900,12152200.0
2022-01-05,15872200,13214500,2963000,35103100,18645100.0
2022-01-06,10608000,11418300,1548000,46269400,39827100.0
2022-01-07,9316400,11922000,1360000,28716200,17515900.0
2022-01-10,11521500,9888300,1695000,37040300,17289800.0
2022-01-11,11142700,9509900,2053000,24517400,19970600.0
2022-01-12,14678500,9561000,1861000,24842400,14422800.0
2022-01-13,12245300,8280900,1677000,29900800,13677500.0
2022-01-14,9692000,6676400,3038000,32460700,15838000.0
2022-01-18,9234500,8587500,2581000,50314700,16803700.0
2022-01-19,9449800,8712000,4047000,186755800,15068400.0
2022-01-20,12531600,8606300,2331000,268936000,18642700.0
2022-01-21,17539900,17283700,2124000,135687400,19344700.0
2022-01-24,22122500,23197200,2353000,136949000,24115900.0
2022-01-25,14056100,10972500,1777000,72818300,16557200.0
2022-01-26,17840600,15108600,1661000,83654000,23694100.0
2022-01-27,12599000,11443800,1563000,83981800,23416400.0
2022-01-28,13896100,11342300,1900000,78767700,23965100.0
2022-01-31,12131500,10073400,2436000,73077100,18684900.0
2022-02-01,13900700,9900000,6249000,89022400,24476500.0
2022-02-02,11073700,8767200,8629000,73581200,15610300.0
2022-02-03,8835300,8051600,6119000,55485600,19776300.0
2022-02-04,19894200,15549200,3542000,46870800,14588500.0
2022-02-07,22861600,17911400,2829000,37906200,14782000.0
2022-02-08,12740300,10474500,2084000,32936100,12079200.0
2022-02-09,14937600,10223500,2203000,47536700,13343700.0
2022-02-10,20081600,14023000,2871000,57391400,17665400.0
2022-02-11,15399100,10814800,1849000,76947100,15293400.0
2022-02-14,12765700,7381600,1582000,73358600,26874500.0
2022-02-15,15775800,10252300,1995000,51170300,16267400.0
2022-02-16,10612800,6371100,1383000,58488200,12768300.0
2022-02-17,10745900,7025300,1297000,44690000,22387700.0
2022-02-18,10793200,6579100,2713000,59994500,14965900.0
2022-02-22,12002300,7301500,3737000,76018700,22737000.0
2022-02-23,11574400,7533100,2805000,62010000,22637000.0
2022-02-24,16630200,12252600,2322000,76026500,24082200.0
2022-02-25,12124700,7577600,3176000,46588100,13455200.0
2022-02-28,20632400,13831600,3127000,64380500,19270200.0
2022-03-01,21748400,13192400,3623000,107850300,17204100.0
2022-03-02,13294100,7997400,2610000,147527000,36559800.0
2022-03-03,9503000,7159100,1711000,70875700,28535500.0
2022-03-04,10856100,6567300,1750000,63130700,24392200.0
2022-03-07,10943700,8569000,2256000,54287700,22985200.0
2022-03-08,10851600,6858000,2738000,50878200,25165000.0
2022-03-09,15228000,10942800,1519000,53891100,15784700.0
2022-03-10,9376100,6341100,1764000,47638400,31481100.0
2022-03-11,8914600,5723900,1586000,71568500,42597900.0
2022-03-14,8346700,6032800,1998000,75632700,20756400.0
2022-03-15,8796100,4296400,1587000,52317400,19671300.0
2022-03-16,11982600,8028700,1999000,84406700,23752200.0
2022-03-17,11090600,10398100,1262000,67654100,17167200.0
2022-03-18,10161500,13580200,3294000,66667100,19770600.0
2022-03-21,8684300,8611900,1115000,39791700,13227000.0
2022-03-22,13227200,9264400,4410000,56998400,13110500.0
2022-03-23,8156700,7400900,1189000,38946300,12025100.0
2022-03-24,11874000,7709300,1150000,30175800,12804900.0
2022-03-25,12140800,7261400,1534000,42524700,10825100.0
2022-03-28,19226400,14306700,1592000,33300900,11018400.0
2022-03-29,11228200,8443900,2423000,72805100,26325300.0
2022-03-30,8076200,5626500,3358000,59785700,20271700.0
2022-03-31,8306200,6034400,2953000,33702800,12740900.0
2022-04-01,9201800,8035100,2423000,29654500,15244400.0
2022-04-04,8319500,6410300,2131000,34363300,15532900.0
2022-04-05,11188600,6467100,1410000,47197100,19576500.0
2022-04-06,10107300,9199600,1864000,56769400,22212700.0
2022-04-07,9526000,6392800,1804000,109248300,19428600.0
2022-04-08,9102800,6101400,2627000,39037800,10675700.0
2022-04-11,6768500,5646700,1645000,37461600,14206700.0
2022-04-12,10968500,6857800,1387000,58650300,14264500.0
2022-04-13,8389000,6376600,1073000,39309500,14068100.0
2022-04-14,8928500,6280400,2904000,42198000,9206100.0
2022-04-18,9628200,6212900,2720000,50207800,12841600.0
2022-04-19,8523000,7729800,16522000,39488900,11382200.0
2022-04-20,8875000,8423900,5634000,56574300,12648500.0
2022-04-21,12743700,10523800,6325000,66530900,21534500.0
2022-04-22,9866700,9682600,3640000,45591900,12670200.0
2022-04-25,11327400,9640800,1783000,37571500,12433700.0
2022-04-26,8916400,8596300,2456000,49526100,18830000.0
2022-04-27,11128700,8272900,2294000,42697500,15143700.0
2022-04-28,13725900,10367400,2062000,46069000,17179300.0
2022-04-29,10525700,7931900,2460000,33526800,12877400.0
2022-05-02,13859700,10925500,3241000,43738400,13888900.0
2022-05-03,7599000,6528400,4112000,27381700,14738500.0
2022-05-04,11809900,11556800,25745000,77128300,16040800.0
2022-05-05,9300500,9394800,8558000,46638700,15878300.0
2022-05-06,8417600,8815400,7552000,50526800,20691000.0
2022-05-09,15825000,14021200,4605000,51638700,84388400.0
2022-05-10,12884500,12194500,4121000,125633800,33317000.0
2022-05-11,17834900,17503500,3501000,76698100,53073500.0
2022-05-12,20886700,19021000,4788000,66310000,73921500.0
2022-05-13,15326200,17060900,4153000,74842000,42674900.0
2022-05-16,11021300,9857300,3026000,60528400,32135000.0
2022-05-17,10896800,9248300,3911000,54578600,26958800.0
2022-05-18,9931700,10537400,3413000,54156900,26828100.0
2022-05-19,10241700,12357500,4025000,57737200,29571900.0
2022-05-20,12378000,13467600,4500000,56792900,22757600.0
2022-05-23,9389500,11586800,2823000,33054600,21521800.0
2022-05-24,11216500,9882400,5057000,38264600,19068400.0
2022-05-25,6868700,7512000,3169000,35566800,15742100.0
2022-05-26,15650000,14240800,3392000,35132100,14536300.0
2022-05-27,13974000,14393100,2907000,38264400,17473200.0
2022-05-31,19496600,20431800,5850000,61518900,21305700.0
2022-06-01,14993800,15500400,6557000,36804600,13533300.0
2022-06-02,11644100,14267400,8895000,28783000,15150700.0
2022-06-03,11020700,15232400,5702000,29389200,13756000.0
2022-06-06,10203500,12234100,6406000,39384000,14661700.0
2022-06-07,10773200,17003700,5024000,26378400,17555100.0
2022-06-08,11217000,11169200,4419000,30467700,12660200.0
2022-06-09,13904900,13909300,4710000,35450400,10777800.0
2022-06-10,10500400,13120600,4279000,37492800,14376000.0
2022-06-13,18789100,16599900,6159000,51080200,19542300.0
2022-06-14,10702200,10692200,2984000,39077700,16104400.0
2022-06-15,18151300,20448200,3749000,59845400,18559600.0
2022-06-16,12253800,9652700,6068000,32073700,22035100.0
2022-06-17,10248600,9774800,5683000,53969200,19308400.0
2022-06-21,16390900,18023500,4013000,32297200,25618100.0
2022-06-22,10511200,14212400,3889000,34436600,16135200.0
2022-06-23,13282100,13064900,4757000,28993800,14175600.0
2022-06-24,13665900,16972500,16980000,87590000,22063500.0
2022-06-27,9098200,11651700,3577000,26805000,11869900.0
2022-06-28,10430900,9706600,3312000,31351800,14406600.0
2022-06-29,12163900,11364700,4068000,32700600,10857700.0
2022-06-30,10706100,10723300,4464000,27760700,11633000.0
2022-07-01,11547900,8415200,7995000,21703300,8544400.0
2022-07-05,12317300,13145700,4018000,28258400,10455700.0
2022-07-06,11174600,8250700,3501000,25041500,36729400.0
2022-07-07,20439600,18884700,3311000,30799700,25560900.0
2022-07-08,49125100,28861700,2307000,26898900,20009700.0
2022-07-11,14270700,12524800,2187000,18679700,18678900.0
2022-07-12,10812500,8420600,2516000,18008300,15862000.0
2022-07-13,12906700,10878600,2210000,25769500,12542900.0
2022-07-14,15079800,13267900,2571000,17285100,10947200.0
2022-07-15,13282100,13391900,3789000,22335800,13762700.0
2022-07-18,43749500,39477400,3732000,20005800,13577000.0
2022-07-19,58076500,35761600,3267000,21273600,16245000.0
2022-07-20,70804300,45561800,4790000,24765700,17831400.0
2022-07-21,31470900,27389100,21059000,19858400,24446800.0
2022-07-22,29213400,18291900,6217000,21258200,16935800.0
2022-07-25,16546800,13600600,4439000,14153800,9878500.0
2022-07-26,13455500,11404100,4050000,16325700,7838700.0
2022-07-27,31321000,18717900,4173000,17437400,10371200.0
2022-07-28,36781000,19581000,3801000,21965900,11384200.0
2022-07-29,31918900,14528900,5482000,19058700,12381200.0
2022-08-01,20688000,13572100,5303000,21109900,12399100.0
2022-08-02,23868600,16035900,4224000,49460900,13829400.0
2022-08-03,24463900,19769600,4398000,147719800,14243800.0
2022-08-04,27091800,20818500,5098000,61791900,12410200.0
2022-08-05,17207100,14090300,5736000,43574400,12314100.0
2022-08-08,19936600,16462200,7312000,56810700,16294800.0
2022-08-09,16261100,15041000,7538000,50017000,12904500.0
2022-08-10,32584700,23196000,17490000,51807800,15370300.0
2022-08-11,29953900,29449000,7553000,65326100,35949100.0
2022-08-12,17649100,15406500,10325000,35779800,39044000.0
2022-08-15,14104800,17073700,6417000,38003000,21310400.0
2022-08-16,17057400,19974000,5988000,56783500,17280500.0
2022-08-17,17188500,16838100,7222000,75554900,11716100.0
2022-08-18,10602400,8857400,11503000,38842700,8882200.0
2022-08-19,16042600,14486300,7269000,47048200,10999200.0
2022-08-22,11300100,12456400,8291000,41817600,11006300.0
2022-08-23,15897400,11776200,4169000,55901700,9766800.0
2022-08-24,12283100,9891700,7871000,114014000,9434100.0
2022-08-25,17280700,8564800,8134000,53630800,8968400.0
2022-08-26,20712100,13330800,7460000,74661000,10728700.0
2022-08-29,14423400,10890700,7657000,55367700,8517300.0
2022-08-30,12817200,10393300,8903000,38113900,8541000.0
2022-08-31,11566000,12051700,9380000,32515900,19332800.0
2022-09-01,10899800,10871900,8452000,34316400,10468500.0
2022-09-02,13466200,11208600,5792000,29739700,8869500.0
2022-09-06,18766000,16663700,5930000,28734800,24795700.0
2022-09-07,12185500,11032900,5778000,25290200,15105300.0
2022-09-08,19147800,19282900,3824000,38945300,44772000.0
2022-09-09,22814400,16446700,4571000,30872900,27096200.0
2022-09-12,19467800,14061400,5517000,28634000,20863000.0
2022-09-13,14978700,12389800,5031000,44931900,24593700.0
2022-09-14,9742100,9128100,4023000,62819300,24685800.0
2022-09-15,13775000,10339800,5366000,58733500,24202000.0
2022-09-16,14387900,15063900,7534000,44028900,70434800.0
2022-09-19,13102600,10978900,10360000,30714100,18345500.0
2022-09-20,10026000,8247800,7407000,27278200,17513200.0
2022-09-21,21457100,13734200,5878000,36073900,13975000.0
2022-09-22,10893900,8953300,5417000,41535300,13544200.0
2022-09-23,16445100,8991800,6422000,40071900,16238500.0
2022-09-26,13707100,10034200,4331000,65463200,11315900.0
2022-09-27,19299400,12296100,2847000,35622200,11482000.0
2022-09-28,19269000,10178400,3567000,29843200,11277400.0
2022-09-29,12878300,8883300,2531000,56776400,16987900.0
2022-09-30,20135100,12754100,5652000,33884400,12381000.0
2022-10-03,16559000,9449400,4566000,33619400,13778400.0
2022-10-04,22364700,12475400,5597000,37930500,29058700.0
2022-10-05,16236100,9076000,6562000,36209300,15778900.0
2022-10-06,16076200,9599100,3981000,28449200,17266500.0
2022-10-07,14869400,7812400,4738000,27856200,22803600.0
2022-10-10,9728000,5396300,3812000,22211500,26171500.0
2022-10-11,12125900,7776100,3596000,35828900,20802800.0
2022-10-12,10334500,8161800,4438000,26339800,14040200.0
2022-10-13,19672200,12928100,5678000,32629000,16135000.0
2022-10-14,15612000,9923400,3711000,35776200,22520600.0
2022-10-17,19014800,7718500,3521000,33347900,14050600.0
2022-10-18,16526600,8974900,3448000,37401900,13668100.0
2022-10-19,13156300,8018300,2617000,35412300,10644900.0
2022-10-20,11439800,6953300,17913000,30718900,10633200.0
2022-10-21,14830700,7585200,9935000,33980000,9941800.0
2022-10-24,17318000,9463600,5167000,32703200,11197700.0
2022-10-25,24644600,14727300,6506000,49264000,18931400.0
2022-10-26,28316200,19476300,4006000,37510600,11335900.0
2022-10-27,17465400,11737600,5358000,26942700,8968100.0
2022-10-28,17732600,10109500,4890000,28751000,8410900.0
2022-10-31,14695100,7764000,6475000,61549200,23372500.0
2022-11-01,14802500,8151200,9145000,159097200,10366100.0
2022-11-02,22105700,13266200,38508000,106803800,10788300.0
2022-11-03,16103400,11348000,11733000,55484100,8075400.0
2022-11-04,25150800,16705800,11962000,53554200,8159200.0
2022-11-07,14330300,8103700,6215000,39915100,7414000.0
2022-11-08,32449600,27140200,7400000,48009700,11768900.0
2022-11-09,25489200,22550900,5952000,45924000,28081300.0
2022-11-10,28321000,16682100,7966000,69817600,29299900.0
2022-11-11,21901900,18159100,13950000,84353300,21051800.0
2022-11-14,12472600,10754400,9173000,47833200,12608900.0
2022-11-15,14864500,10610600,11979000,59806400,19268200.0
2022-11-16,18481400,13186100,9814000,43267800,10069200.0
2022-11-17,16515600,9252100,10298000,34036700,7890900.0
2022-11-18,23126700,9665900,9333000,36633900,13130200.0
2022-11-21,25771800,18020100,5267000,99355000,13508600.0
2022-11-22,23179200,13866500,7020000,76694100,10770200.0
2022-11-23,18227800,17725300,8899000,58395300,9511300.0
2022-11-25,7127000,7243800,6418000,28016500,3907600.0
2022-11-28,14251400,10621000,9647000,46991100,7746900.0
2022-11-29,12013000,5427700,9169000,40676700,6705700.0
2022-11-30,23052500,10902500,12409000,49235500,18375900.0
2022-12-01,16155000,7730600,8106000,34842000,12056800.0
2022-12-02,21987600,8315300,8437000,23866400,8879100.0
2022-12-05,24158600,12616500,8409000,28384800,7560400.0
2022-12-06,15676100,8357900,9917000,41048400,13170700.0
2022-12-07,16775100,7975600,6674000,21933400,8877300.0
2022-12-08,16147900,8121300,10308000,19767400,9582500.0
2022-12-09,21330300,6525100,6624000,16804200,11334500.0
2022-12-12,14076600,6457800,7253000,23353200,19596900.0
2022-12-13,32685400,12270500,8398000,33682400,20597300.0
2022-12-14,24054100,10348400,10121000,68775700,14213100.0
2022-12-15,16927400,9195600,16608000,37157400,13296000.0
2022-12-16,21250200,16122100,13279000,31419300,58554600.0
2022-12-19,11155200,7043300,11343000,27122400,18825200.0
2022-12-20,12919700,7193500,33385000,34033400,15114700.0
2022-12-21,14757200,6217800,84309000,24848900,13435000.0
2022-12-22,14615700,6059600,12991000,30665900,24271200.0
2022-12-23,8600300,4805300,9660000,19435300,18952000.0
2022-12-27,12099400,6356100,7902000,24110700,21663000.0
2022-12-28,9560500,6616600,8998000,35043300,20967700.0
2022-12-29,11226200,6773800,8643000,33261900,22063000.0
2022-12-30,9615000,6592800,6392000,28240200,17181800.0
2023-01-03,13014400,7255600,8152000,29303200,25993900.0
2023-01-04,32367400,12325300,14496000,48731400,28730200.0
2023-01-05,24923800,14097000,10978000,30512000,24201200.0
2023-01-06,19314200,10412900,10331000,31589500,22022300.0
2023-01-09,44884600,20809400,26216000,50435000,21572200.0
2023-01-10,42394300,22171700,41583000,42334400,26468300.0
2023-01-11,43071900,19031800,21214000,41602100,33365100.0
2023-01-12,67400000,27692800,10803000,49408800,30584200.0
2023-01-13,78829700,29524800,6679000,32477100,42771400.0
2023-01-17,59317600,27444600,11697000,37801400,25623600.0
2023-01-18,58413500,23793100,15376000,38396700,22158100.0
2023-01-19,35227300,13255800,49103000,32006500,28441500.0
2023-01-20,48773100,19912300,13990000,31135600,23673400.0
2023-01-23,47089200,23506100,11822000,39018500,41768300.0
2023-01-24,39398800,21428800,12759000,32563800,22660100.0
2023-01-25,34985400,12213000,10446000,30127800,26136500.0
2023-01-26,30466600,11489500,7199000,29992300,32276700.0
2023-01-27,48107300,11799300,9050000,48503500,73907100.0
2023-01-30,36748000,18810700,11483000,164184300,34992500.0
2023-01-31,24173200,14011200,15716000,68287100,31614400.0
2023-02-01,43280700,18687900,32033000,75445300,36443900.0
2023-02-02,60716900,27398500,15180000,106231100,39070000.0
2023-02-03,34183100,18986600,14010000,55989100,27177300.0
2023-02-06,23094600,13765000,8776000,41269900,15772600.0
2023-02-07,32060600,18661500,8763000,40804000,28566900.0
2023-02-08,23079400,14973100,17580000,25636300,18650900.0
2023-02-09,27776800,17176000,24657000,50352400,18834400.0
2023-02-10,20107400,9880200,13977000,37285300,17148500.0
2023-02-13,14942300,7623800,10810000,23626800,13538600.0
2023-02-14,36350700,13904900,15172000,28449700,17274200.0
2023-02-15,50585400,20023300,10519000,35683800,27957200.0
2023-02-16,66418700,22825300,16980000,30458000,21737700.0
2023-02-17,44076900,19224700,13869000,30999500,16589200.0
2023-02-21,29693300,12728500,11200000,26332900,13737700.0
2023-02-22,28798700,13407700,8710000,22778900,16786900.0
2023-02-23,18858900,11009300,18328000,19210200,25995900.0
2023-02-24,25465500,12051500,19451000,16954200,20161600.0
2023-02-27,25241200,7351100,18911000,19082100,20042500.0
2023-02-28,38171800,12476400,17416000,17430600,36331100.0
2023-03-01,26686600,10997100,10785000,19827300,87442100.0
2023-03-02,22430900,10167800,13194000,18003500,41698200.0
2023-03-03,20930000,13744600,9969000,25456400,48011300.0
2023-03-06,19853800,13040500,8265000,26214300,32080000.0
2023-03-07,17933100,8767700,9664000,28344300,128729000.0
2023-03-08,14775300,8662300,14610000,16558600,76217700.0
2023-03-09,19083200,12832900,11651000,27793300,40790600.0
2023-03-10,20766700,11780000,17333000,86809700,42475700.0
2023-03-13,66973000,23685800,12826000,59761300,43513000.0
2023-03-14,64006900,30018800,10673000,36750400,36173200.0
2023-03-15,38441500,16291000,12431000,34260500,43498100.0
2023-03-16,35334500,12959400,15443000,25128700,30325200.0
2023-03-17,61120200,40834400,18256000,27173200,36718200.0
2023-03-20,39108100,29574900,15409000,33271400,30927600.0
2023-03-21,46252300,25618600,20352000,29210300,27341300.0
2023-03-22,48722800,30841500,24499000,62273300,23357000.0
2023-03-23,45826800,31925100,20620000,35687800,20984200.0
2023-03-24,28289400,26370500,18312000,18657400,17770100.0
2023-03-27,23372100,16539900,17689000,24284700,16035400.0
2023-03-28,18648200,15540800,20761000,23185400,16396700.0
2023-03-29,36010000,23697500,13826000,28461800,34237300.0
2023-03-30,25958500,18406900,12857000,25094700,24339700.0
2023-03-31,36159700,26859600,12560000,41786800,38244700.0
2023-04-03,25824800,17409600,18587000,32121400,26714500.0
2023-04-04,23882300,14720300,17407000,19465200,21953000.0
2023-04-05,27754500,15953300,8392000,30541900,19066500.0
2023-04-06,15392500,12719100,33959000,25308100,14752500.0
2023-04-10,42370900,30153900,13198000,21151200,14468600.0
2023-04-11,63439500,55029300,10210000,26455400,14668600.0
2023-04-12,43348600,48039100,14954000,35905000,23278000.0
2023-04-13,57539100,44153800,12298000,20527100,13000500.0
2023-04-14,54369900,30831200,9470000,24086000,36941100.0
2023-04-17,29146900,19850200,7951000,24908100,24478200.0
2023-04-18,41896300,26531200,15251000,17036300,19327200.0
2023-04-19,28329900,20647200,15361000,18337500,31590500.0
2023-04-20,27389800,20535700,11040000,18844900,32712600.0
2023-04-21,28395200,18768700,10987000,16723200,20695000.0
2023-04-24,26335000,18193800,42351000,20058000,14196600.0
2023-04-25,35069100,27025100,21711000,21036200,17876600.0
2023-04-26,65526200,40387000,15043000,24210900,22594500.0
2023-04-27,46101800,28867000,10006000,43199900,22583400.0
2023-04-28,28853100,22159000,15037000,55605100,18185000.0
2023-05-01,28506300,19192300,15845000,125423700,12868700.0
2023-05-02,32177300,22935300,20409000,115499500,13130200.0
2023-05-03,26882400,27764600,81628000,64212800,14620000.0
2023-05-04,35765100,23478600,21228000,59715600,13429000.0
2023-05-05,37753400,28585500,23659000,40980200,16793100.0
2023-05-08,30157200,23093900,14877000,39933900,23002500.0
2023-05-09,23038000,18784400,14636000,26785200,34103300.0
2023-05-10,51276900,31547700,10211000,28624400,66713400.0
2023-05-11,39314900,25762300,10927000,36075600,26179600.0
2023-05-12,23041800,16400900,7929000,44765900,31065600.0
2023-05-15,26855000,17750400,10019000,103290700,22534000.0
2023-05-16,18095000,12465800,22891000,38510800,13799400.0
2023-05-17,30436800,16416800,27513000,42730500,16167300.0
2023-05-18,37908600,16231600,32787000,35183400,13853200.0
2023-05-19,19235400,14671700,27764000,26196400,24278000.0
2023-05-22,25877200,21033000,17537000,42509300,20291000.0
2023-05-23,30437700,23583000,14375000,43878300,18444200.0
2023-05-24,28986400,18765600,15512000,23887800,19055900.0
2023-05-25,28309500,13904600,71372000,24474900,16133200.0
2023-05-26,31666500,18298000,49892000,26982900,26601700.0
2023-05-30,42716700,34100600,48300000,68003300,29933800.0
2023-05-31,28923900,19845600,44163000,152429200,49316900.0
2023-06-01,30340000,21175500,29689000,108760600,25361800.0
2023-06-02,32655300,34328000,27312000,63585600,20138900.0
2023-06-05,35660400,28106100,19231000,69556200,17602000.0
2023-06-06,53229200,26503000,20715000,56839700,22214400.0
2023-06-07,39054100,19520700,44948000,60872200,30942800.0
2023-06-08,19797200,11197900,35221000,66988400,17716700.0
2023-06-09,20588600,9154100,35077000,84928700,25896700.0
2023-06-12,14514900,10136600,34685000,117905100,33762000.0
2023-06-13,25412200,10967800,45205000,108293500,46597700.0
2023-06-14,30560400,12934300,26456000,128420300,34759600.0
2023-06-15,30601500,15436200,21982000,97639300,33097500.0
2023-06-16,50994800,18679700,30346000,107556900,92230400.0
2023-06-20,81874000,27317200,33633000,49114900,39557100.0
2023-06-21,88558500,34973600,26036000,37733600,49422000.0
2023-06-22,55820500,20888300,39366000,30149500,25705600.0
2023-06-23,87494200,29671900,25132000,62332800,23978200.0
2023-06-26,51715200,22037400,28406000,33526600,21634500.0
2023-06-27,64774800,25685600,24325000,39402300,27593800.0
2023-06-28,52768500,16753300,26667000,36374400,32296400.0
2023-06-29,50628000,21510800,27266000,42722400,48833700.0
2023-06-30,63953200,30171100,25530000,98384600,40422800.0
2023-07-03,43137000,29313400,17109000,26842000,79984800.0
2023-07-05,47454800,28389700,20598000,26954600,118923400.0
2023-07-06,47358800,23790800,17578000,38013800,98775300.0
2023-07-07,60526200,41207300,28712000,22783900,232047300.0
2023-07-10,51905200,34873100,25112000,38750100,174169400.0
2023-07-11,47291800,35291300,29304000,52586400,94875300.0
2023-07-12,54020300,40610100,27742000,41158600,107585800.0
2023-07-13,71665800,53242000,30651000,43361100,100021300.0
2023-07-14,53399300,39091200,37569000,38590700,55642100.0
2023-07-17,42105700,31227800,25495000,48308500,67076000.0
2023-07-18,33502000,20885900,26622000,33812300,66356400.0
2023-07-19,37645700,25966700,44017000,50051500,56565000.0
2023-07-20,31582400,23803300,49297000,41587700,79330300.0
2023-07-21,26577300,22605500,40185000,34514200,80944800.0
2023-07-24,26345500,19214700,29033000,26643500,59564500.0
2023-07-25,26409900,18941000,23513000,38811100,45926600.0
2023-07-26,24164600,16412300,23560000,34922300,73715900.0
2023-07-27,23067400,17258100,32282000,45958200,66937600.0
2023-07-28,21420600,16691700,20439000,58205300,48754300.0
2023-07-31,27394300,18068200,23549000,210958900,37941600.0
2023-08-01,31288400,19757500,20667000,88881800,40142600.0
2023-08-02,26715600,22880200,27797000,62865900,48226700.0
2023-08-03,25002400,18980600,14907000,37651500,31646800.0
2023-08-04,21965100,15409100,34715000,42557600,33547700.0
2023-08-07,29981200,17455500,33192000,31682000,38325800.0
2023-08-08,27403300,19345400,45527000,28127800,57613400.0
2023-08-09,26381900,18385500,114567000,43368300,84645900.0
2023-08-10,25847100,19010300,56630000,37657800,50575800.0
2023-08-11,21862700,17890000,58175000,26970300,31238900.0
2023-08-14,20920200,17366800,49950000,27735500,33997000.0
2023-08-15,24409000,16152200,23201000,23709300,31758200.0
2023-08-16,23097200,18877700,24945000,23398900,32188400.0
2023-08-17,35069700,23752300,25041000,29582400,34911600.0
2023-08-18,33316200,20167800,27394000,27366300,25944000.0
2023-08-21,22828400,18294600,26742000,22676600,21257500.0
2023-08-22,19704200,13037100,27649000,23128900,30440100.0
2023-08-23,24746800,19862900,44601000,21855700,17583100.0
2023-08-24,25292500,12899000,57836000,26080600,18934000.0
2023-08-25,19391200,12118600,41026000,24163700,17059400.0
2023-08-28,13672800,10020400,19743000,17488700,14795200.0
2023-08-29,74154500,42040200,36371000,24487400,33698400.0
2023-08-30,38207000,22609100,34838000,26123600,22796300.0
2023-08-31,33448800,18926600,66372000,26175600,26642500.0
2023-09-01,25287900,15521100,37534000,17738800,26403000.0
2023-09-05,14834100,9992700,33603000,18906300,18911800.0
2023-09-06,23218900,17992400,24613000,23909700,18103700.0
2023-09-07,20436200,12779500,29229000,19320700,18546400.0
2023-09-08,43533200,17076400,29341000,15045300,19056000.0
2023-09-11,30366000,16638000,29538000,19320600,26320100.0
2023-09-12,36784700,20067300,22138000,25495600,23942100.0
2023-09-13,29524400,13919300,25819000,16819200,15641900.0
2023-09-14,35131000,20371900,24127000,23642000,21598400.0
2023-09-15,26199700,12896300,45786000,30508400,38433200.0
2023-09-18,37718900,22987200,26113000,22678700,20517500.0
2023-09-19,23670200,19097400,20272000,18091600,33672800.0
2023-09-20,17914000,16446300,15696000,21643900,19550800.0
2023-09-21,16611200,15842100,25497000,29542000,20032800.0
2023-09-22,17195700,10148700,16011000,38736100,24225700.0
2023-09-25,19232000,15217300,25589000,23107800,24477000.0
2023-09-26,16815800,9306300,19898000,22544900,37062100.0
2023-09-27,22627000,15833100,28056000,28227000,31254100.0
2023-09-28,24186700,22547900,27133000,23539600,23054300.0
2023-09-29,20212700,14715100,33610000,28779300,35885800.0
2023-10-02,42145500,32634600,34866000,20000300,49561600.0
2023-10-03,33702900,19688400,37898000,36674900,42257500.0
2023-10-04,25114400,16082200,30931000,23978900,48606000.0
2023-10-05,25669000,15207000,28573000,17072900,189851600.0
2023-10-06,30916900,19746400,28279000,23371300,120814400.0
2023-10-09,27156300,16244800,24301000,17191900,51715300.0
2023-10-10,25100600,16776900,51385000,20874200,54126000.0
2023-10-11,28534800,16483300,36998000,22512700,41638100.0
2023-10-12,17753900,8765900,40555000,22155400,37700400.0
2023-10-13,18261800,10907600,37952000,21977600,29307500.0
2023-10-16,52441600,36847900,24176000,16675200,21031100.0
2023-10-17,30035000,18436800,42879000,18473600,34080300.0
2023-10-18,28487000,20475400,32132000,26281300,45912200.0
2023-10-19,31017200,16767600,40216000,26767700,41423000.0
2023-10-20,36236400,20312900,36142000,27271700,30832900.0
2023-10-23,63932600,38368300,29471000,29748000,30193300.0
2023-10-24,95449800,51057500,25149000,23335900,23001800.0
2023-10-25,53992900,37323800,22382000,31058500,21207200.0
2023-10-26,32254600,24072400,31039000,47046900,29444900.0
2023-10-27,27482800,16637300,18117000,45332100,23930300.0
2023-10-30,31761800,18914900,26313000,125927200,28495600.0
2023-10-31,22365600,14947700,19313000,63310400,42227100.0
2023-11-01,31215300,24654600,38150000,42359700,18125400.0
2023-11-02,41686700,28604100,74670000,45933900,42818700.0
2023-11-03,43816500,27466900,50001000,41604100,31536000.0
2023-11-06,30637700,21872300,25232000,46262100,29082900.0
2023-11-07,32002200,20864900,19305000,34068100,45393300.0
2023-11-08,32485800,22190800,21287000,28150800,121273500.0
2023-11-09,90786600,53622500,40156000,86607400,67877300.0
2023-11-10,42279700,25662200,25303000,29494800,48589600.0
2023-11-13,31332300,18073300,29892000,33982500,38041900.0
2023-11-14,37575400,22081300,62504000,38408700,43215600.0
2023-11-15,64345300,31966600,36055000,40095900,52207500.0
2023-11-16,39678400,20282700,18334000,73603100,36672200.0
2023-11-17,27601800,16492500,23318000,30785400,30199500.0
2023-11-20,55707400,25617600,29063000,44558700,23589900.0
2023-11-21,42923500,19169700,28861000,46170200,38697300.0
2023-11-22,49753100,20774500,39728000,36549600,20168300.0
2023-11-24,42385900,18308800,9655000,13457600,15188400.0
2023-11-27,38413400,18481200,23570000,40258600,24763900.0
2023-11-28,62545100,33551000,23327000,36138300,37881900.0
2023-11-29,42596300,25277500,36634000,45648300,47888100.0
2023-11-30,29942500,16717000,40837000,41877900,28376600.0
2023-12-01,57061500,32026700,42976000,68877800,39709100.0
2023-12-04,81617900,45641100,29598000,45245600,31666400.0
2023-12-05,77635500,46782600,25598000,30468400,23840400.0
2023-12-06,56390700,34912400,28599000,51458700,59282800.0
2023-12-07,41151900,22045600,23997000,30489200,37583000.0
2023-12-08,53071200,31412700,31575000,34626600,34974800.0
2023-12-11,59302900,31166900,31360000,24365600,17753000.0
2023-12-12,35579500,16558600,21783000,26087100,33865500.0
2023-12-13,63715300,33196900,27358000,75424700,46247700.0
2023-12-14,60551500,30588000,45441000,92753900,82961200.0
2023-12-15,53947900,26005500,37527000,52727300,59197300.0
2023-12-18,60344600,33815600,57410000,48816300,46402300.0
2023-12-19,91857600,43752200,40143000,51836700,37545500.0
2023-12-20,117235300,45023500,31229000,75814700,38421000.0
2023-12-21,104432700,30398700,25084000,41803000,27720800.0
2023-12-22,118601900,45554800,44395000,29139400,23996800.0
2023-12-26,79566200,30645300,24221000,26013700,30450100.0
2023-12-27,106789700,43092600,14117000,44253700,22593300.0
2023-12-28,119982200,45018800,12651000,26416400,25289500.0
2023-12-29,144949700,58700400,21044000,38251100,21364500.0
2024-01-02,102571800,35508200,19042000,38035000,49626300.0
2024-01-03,96670300,29189700,16776000,82970700,35634500.0
2024-01-04,97753600,26736700,23111000,37398900,28453000.0
2024-01-05,92250600,26205200,23431000,39718000,27468400.0
2024-01-08,113019100,40667000,42626000,32042200,18745500.0
2024-01-09,84955900,22881600,67033000,26168200,18403000.0
2024-01-10,140233400,40743800,53454000,39487200,14916700.0
2024-01-11,213408200,71584500,41729000,46166600,22677600.0
2024-01-12,138255700,44452800,22892000,49259900,29742200.0
2024-01-16,106408800,27395500,47329000,38223300,21092800.0
2024-01-17,76361100,22798500,35858000,41129900,45224100.0
2024-01-18,91998300,27512200,48751000,47079900,54757100.0
2024-01-19,110136400,31708400,231125000,40056300,38881400.0
2024-01-22,82482700,27717400,188233000,69046700,35812400.0
2024-01-23,56602600,19428300,96772000,45600700,32649200.0
2024-01-24,68891600,21642500,121170000,41431000,35331500.0
2024-01-25,56469200,19017500,67173000,49509400,38654000.0
2024-01-26,87559400,25001900,50356000,72566000,25757700.0
2024-01-29,92576900,31102800,115251000,286380900,37754800.0
2024-01-30,56458800,16150900,179564000,119356000,26006300.0
2024-01-31,75527900,17685000,119973000,110241400,31526300.0
2024-02-01,64373700,18566200,136096000,76525400,24103600.0
2024-02-02,52991500,13330900,121896000,53319100,24617500.0
2024-02-05,50371800,16253200,175964000,42003000,29518400.0
2024-02-06,39214200,11288800,184890000,44063700,27700700.0
2024-02-07,53166200,14750900,123330000,37544900,21062500.0
2024-02-08,106855900,31593200,94137000,49560500,58211500.0
2024-02-09,117143200,43578000,108348000,40417500,41743400.0
2024-02-12,102363900,41246800,168723000,44804100,37615600.0
2024-02-13,77122100,26101000,144805000,62894400,37078800.0
2024-02-14,79211200,34163800,201286000,44248000,23707300.0
2024-02-15,97860300,37285200,252406000,40691500,36312600.0
2024-02-16,58428600,21607100,340383000,50370000,25352500.0
2024-02-20,72618000,21082600,254126000,39814900,27029100.0
2024-02-21,44428800,13720900,145555000,38941600,50643700.0
2024-02-22,53000400,16953900,253727000,30401200,191810400.0
2024-02-23,42059100,18732400,193844000,27447600,123712600.0
2024-02-26,106547600,39162500,96078000,46576100,71793300.0
2024-02-27,116889400,43619600,69104000,66939300,62590400.0
2024-02-28,179649700,60473200,60325000,42120700,49669900.0
2024-02-29,133154400,39477700,88429000,29742200,48676800.0
2024-03-01,78532500,22850900,108816000,26375300,30529400.0
2024-03-04,119395500,38864500,201621000,35426400,50173400.0
2024-03-05,100790300,33797600,133044000,187827900,35772100.0
2024-03-06,66880700,26071900,118933000,131025300,25005900.0
2024-03-07,58499200,21504500,88243000,83118900,151938500.0
2024-03-08,94269600,28611900,117506000,76914800,108217200.0
2024-03-11,82992200,26591100,71155000,59023000,57973700.0
2024-03-12,65064400,20966500,67473000,49576500,39465900.0
2024-03-13,49994400,19500900,58760000,42118300,37043000.0
2024-03-14,61409600,21896100,62445000,69575100,60056400.0
2024-03-15,58173500,26319000,169640000,52914300,48372700.0
2024-03-18,51913100,16502000,115307000,47168400,39248400.0
2024-03-19,47831700,17173600,104844000,50479000,28605100.0
2024-03-20,74376900,28659500,76457000,61455100,32066100.0
2024-03-21,64872600,21698200,85630000,56091900,25258600.0
2024-03-22,37475300,15608800,50691000,23292600,29143100.0
2024-03-25,64877100,25910300,70172000,27430900,50616100.0
2024-03-26,42142100,18325200,63563000,39576600,33932000.0
2024-03-27,58349700,18676600,52578000,34738800,34816200.0
2024-03-28,86137100,27988300,34631000,30108100,43231900.0
2024-04-01,37253800,18326800,51852000,31681900,23816100.0
2024-04-02,35079600,19962400,42301000,29678800,43195000.0
2024-04-03,31025500,19594900,61824000,50638600,33463200.0
2024-04-04,56690100,21857700,58166000,49594100,42058300.0
2024-04-05,31600100,17417400,53445000,29257900,37404400.0
2024-04-08,44457600,20794200,43167000,56858200,28700500.0
2024-04-09,34593300,14698300,40212000,46334200,27147100.0
2024-04-10,34618400,15495100,41373000,53826100,30300700.0
2024-04-11,30602000,16384200,36770000,28651700,80132300.0
2024-04-12,39158500,17080700,33322000,36704100,57909500.0
2024-04-15,33790100,17777600,42011000,33759400,82423900.0
2024-04-16,35943500,21282700,71214000,34200500,51527100.0
2024-04-17,37799800,17229400,71675000,29625600,32606900.0
2024-04-18,39146100,17397300,43007000,34419100,30808400.0
2024-04-19,50053000,25743400,172385000,36870000,26728600.0
2024-04-22,66955500,57543000,93035000,31327400,35054900.0
2024-04-23,61140900,49371600,83426000,40321500,33568600.0
2024-04-24,45467000,49637500,67404000,39726800,34694500.0
2024-04-25,37047300,38061700,50817000,47658800,21892100.0
2024-04-26,39397300,23771800,70680000,88631000,28226100.0
2024-04-29,40382700,23723800,58663000,149660200,30756600.0
2024-04-30,42087000,33121300,73693000,78411600,23045100.0
2024-05-01,38827800,28804500,135363000,68347700,27708000.0
2024-05-02,35299800,22138600,64962000,45473400,54894000.0
2024-05-03,38631100,22794900,52329000,56618000,47152000.0
2024-05-06,87046900,28400000,53428000,50016600,30848900.0
2024-05-07,88992700,17144400,40793000,31025600,98119500.0
2024-05-08,39681100,15022900,37196000,29637600,67612800.0
2024-05-09,45293500,11683900,38821000,22463500,31407500.0
2024-05-10,56095700,22421300,37913000,29080800,32543800.0
2024-05-13,31441600,12079800,28147000,55264000,65312700.0
2024-05-14,30169200,13969800,49962000,74991900,60966800.0
2024-05-15,53512000,18179800,97529000,35185400,64347700.0
2024-05-16,32569100,12932700,70098000,28905000,34749700.0
2024-05-17,48373500,16089400,51924000,36606000,23884000.0
2024-05-20,66423200,24445900,53631000,20605800,21629700.0
2024-05-21,45259500,21370800,59188000,24500700,23584300.0
2024-05-22,47596700,20288100,56322000,28018400,37629900.0
2024-05-23,43108400,18215900,114602000,53003900,37322200.0
2024-05-24,46639900,14857400,68504000,21665900,25691300.0
2024-05-28,49579900,20147300,62351000,31435900,22960300.0
2024-05-29,31746400,14135000,49323000,26240400,19353800.0
2024-05-30,47470000,23375000,47142000,21823400,48930900.0
2024-05-31,39494900,24296400,74080000,28216900,39955800.0
2024-06-03,47885300,19602300,61558000,31596700,35600500.0
2024-06-04,62277800,26245200,40783000,27546400,26634700.0
2024-06-05,62964700,41068500,63075000,32061500,24804600.0
2024-06-06,57567500,34641900,50339000,26131000,28721400.0
2024-06-07,59027900,21534300,34449000,26082300,24524500.0
2024-06-10,37604700,15832000,48721000,20795000,23122700.0
2024-06-11,44635800,24437000,30387000,20066600,18333600.0
2024-06-12,52223000,30289800,41190000,57027300,35059900.0
2024-06-13,40912400,20246700,116137000,51888300,28689800.0
2024-06-14,36095200,16812100,65988000,75531400,21323700.0
2024-06-17,43085300,18687500,89118000,45193300,21250300.0
2024-06-18,36053200,17176700,87621000,28420200,20047800.0
2024-06-20,50043000,26189900,134329000,31396900,31233700.0
2024-06-21,66858300,32273100,73587000,34388900,31931500.0
2024-06-24,33442800,21871500,77210000,32286900,31892100.0
2024-06-25,40442000,20106000,47024000,19277800,61226700.0
2024-06-26,38602800,20045600,45500000,18400200,261980400.0
2024-06-27,34565000,14652600,71513000,18808000,96798100.0
2024-06-28,49591000,31572000,165059000,30002000,88110300.0
2024-07-01,74453700,29211300,71230000,30828100,74020600.0
2024-07-02,47465100,16261400,54936000,26977400,88608900.0
2024-07-03,30989000,10714900,31979000,15364300,52620500.0
2024-07-05,40044600,19688800,48093000,15639700,37013100.0
2024-07-08,41156600,20760800,98216000,22763700,56415300.0
2024-07-09,38784300,20229100,65269000,40392200,49900600.0
2024-07-10,27531600,15041300,50402000,37482300,55804600.0
2024-07-11,40818900,22285000,56522000,46656300,59239100.0
2024-07-12,53885700,22468600,51601000,37128300,97340600.0
2024-07-15,96172800,45399400,86770000,57035700,51315400.0
2024-07-16,67641700,45170600,43654000,63079500,43966200.0
2024-07-17,62374800,33442600,57594000,65800500,46766400.0
2024-07-18,44289800,35483200,59697000,56454300,36840900.0
2024-07-19,61002900,26982700,83513000,33123300,25909000.0
2024-07-22,48793600,25489200,49287000,38964600,25562300.0
2024-07-23,54378400,20403300,42112000,23486300,23464300.0
2024-07-24,36964200,26974700,67812000,34636100,38344400.0
2024-07-25,37320600,19743000,70478000,35574200,27203600.0
2024-07-26,43781900,20906600,43822000,29482400,21540000.0
2024-07-29,45269200,23678800,39196000,65272600,18306700.0
2024-07-30,27107900,12538800,48963000,90519300,20761400.0
2024-07-31,31839900,19332100,49680000,66168200,27488600.0
2024-08-01,38813800,25911700,54317000,50282600,31250800.0
2024-08-02,38866900,25183200,77147000,63300900,26970000.0
2024-08-05,45550600,27482600,70791000,65657400,38816900.0
2024-08-06,29049100,16261600,111233000,41670300,31713700.0
2024-08-07,28804000,19183400,181205000,32106700,49387400.0
2024-08-08,34023100,16550100,118238000,27594800,32646800.0
2024-08-09,22114100,12830700,59190000,19048600,24823900.0
2024-08-12,52147500,16904900,91752000,26316800,25841500.0
2024-08-13,41943400,14088300,81160000,26015000,24632100.0
2024-08-14,29611400,13438300,70012000,22578400,16869600.0
2024-08-15,34757600,17139900,95604000,36188900,38490900.0
2024-08-16,36335500,17141800,80612000,24474900,37750200.0
2024-08-19,25446300,15242800,68802000,51562200,21051300.0
2024-08-20,34991500,14599200,60604000,42987600,23709800.0
2024-08-21,38065400,18416100,57375000,38849700,24317300.0
2024-08-22,30867700,13114000,61153000,29843200,20573300.0
2024-08-23,46172400,20932600,53374000,52448400,39766900.0
2024-08-26,29703600,13839100,90386000,31511400,33109800.0
2024-08-27,33185200,16531300,116837000,27703700,20302300.0
2024-08-28,24596600,11679900,369735000,33583100,28459100.0
2024-08-29,41675100,11626300,130533000,84954500,20853200.0
2024-08-30,31089300,14246300,109332000,40858700,22865400.0
2024-09-03,30074500,19636700,97224000,43359200,21395100.0
2024-09-04,24013000,11131700,71634000,34795200,18070200.0
2024-09-05,31903200,12122600,61987000,37429500,20258900.0
2024-09-06,29409800,14844000,90480000,46372000,25712800.0
2024-09-09,30047100,15313200,80224000,33004200,21409800.0
2024-09-10,35512300,13679300,49475000,57932200,24465200.0
2024-09-11,35427800,15510900,73376000,42877800,27551100.0
2024-09-12,27200600,11186700,49342000,39028500,16401400.0
2024-09-13,34828700,15070100,69967000,45043900,23786600.0
2024-09-16,23786900,12058900,43034000,44920400,18831300.0
2024-09-17,33344300,12657600,36491000,49071800,18816800.0
2024-09-18,35338500,18980200,57557000,63736800,30971200.0
2024-09-19,42715700,25317600,49492000,58745600,29977400.0
2024-09-20,30712900,27478000,76344000,36453900,77632800.0
2024-09-23,24601500,16549400,71532000,31400000,35701000.0
2024-09-24,36047300,16585100,53494000,47198600,32304400.0
2024-09-25,32695400,17570600,49986000,26123100,53125000.0
2024-09-26,60450700,23942500,239230000,27429400,38408200.0
2024-09-27,41237600,16598100,107420000,33376700,35828100.0
2024-09-30,30746400,13219200,68311000,28296700,27646300.0
2024-10-01,36592300,14987100,30604000,34573700,50162000.0
2024-10-02,26569600,12494600,22026900,27871200,29933000.0
2024-10-03,26987000,11312000,30466100,28729000,21102700.0
2024-10-04,32244300,20255600,30991900,58014300,76581600.0
2024-10-07,30754000,34911800,104771200,40480600,29217100.0
2024-10-08,25109200,21403400,106186100,40451800,22441900.0
2024-10-09,26085300,18864100,65379000,32950100,35090500.0
2024-10-10,20941200,13501100,40610900,46015000,24184400.0
2024-10-11,36454600,20035700,40748100,42833300,24732700.0
2024-10-14,65860600,30168500,45227800,116449900,20180400.0
2024-10-15,50534300,22863000,38228200,87195400,22528400.0
2024-10-16,53156500,17126400,50139200,48045000,17753000.0
2024-10-17,43533700,21264000,47789300,50293900,27876200.0
2024-10-18,47505600,23257600,31933200,31400300,18480900.0
2024-10-21,42646400,17448200,36216800,50814300,17320000.0
2024-10-22,32373000,15335800,41248100,36501700,25223600.0
2024-10-23,44412100,19160300,24301000,38130400,21311300.0
2024-10-24,48745900,23849700,23717700,72141300,33208400.0
2024-10-25,56106500,22731200,32279200,58331300,22770900.0
2024-10-28,60624100,31325400,27230200,69753400,31831700.0
2024-10-29,65540400,28045200,35234800,164917900,23459900.0
2024-10-30,33488500,24276700,236424500,95149900,19962400.0
2024-10-31,39713000,26822900,129887200,59129200,25679400.0
2024-11-01,32711000,23181500,102739000,41742300,20118900.0
2024-11-04,29692100,22381100,92052000,41321700,20363100.0
2024-11-05,32554800,20322700,106628300,53857800,18141200.0
2024-11-06,85571500,55373600,122890800,63197700,69491200.0
2024-11-07,49751200,32921300,88234700,55627600,57094100.0
2024-11-08,47164400,29607100,60549600,83464200,58725000.0
2024-11-11,125540700,82491000,71258400,106393400,46358500.0
2024-11-12,87663900,47706400,44022500,61125000,32265800.0
2024-11-13,94879700,44053500,55525500,55166000,119810200.0
2024-11-14,46983000,26248300,95152100,46251400,80485000.0
2024-11-15,42768800,25315300,74025400,48186500,79212600.0
2024-11-18,121617100,23598000,178890800,47566500,51529300.0
2024-11-19,88677400,25901100,235282900,38330700,33654300.0
2024-11-20,124501400,42781600,105366500,45618800,24955400.0
2024-11-21,166260600,55190500,118032600,60802800,35472300.0
2024-11-22,105262400,31252600,159607100,50055400,30576400.0
2024-11-25,123760600,27019400,170113700,49778700,90465300.0
2024-11-26,91188100,26449900,95313000,38184400,81743600.0
2024-11-27,87941700,29057500,63261300,48218600,49064100.0
2024-11-29,89541900,21894800,60119900,31524900,26168000.0
2024-12-02,125972900,21982800,263221600,52367900,40288500.0
2024-12-03,60750200,18211800,204353000,43795800,22966500.0
2024-12-04,69104600,22245800,96994400,40638300,26924900.0
2024-12-05,97084600,44049200,71100400,50857000,44397900.0
2024-12-06,72455800,26721800,108671300,57220500,46944500.0
2024-12-09,68522400,76744100,98777300,59642800,77982900.0
2024-12-10,43813100,43080500,83380600,49585500,36388500.0
2024-12-11,57624000,45042400,79559900,47600800,37842800.0
2024-12-12,50696200,110945000,39402400,48071000,32741800.0
2024-12-13,40491700,53985600,64847400,41622300,32046000.0
2024-12-16,65027700,54388600,82607200,55457600,56008800.0
2024-12-17,62399800,38468400,41821700,53985200,30935800.0
2024-12-18,54388400,41110600,48011000,76625700,56880100.0
2024-12-19,47800000,28545800,39138300,44149600,38905300.0
2024-12-20,55121700,34710000,85656300,52746600,41955200.0
2024-12-23,28961000,23451100,26032300,34576400,20009800.0
2024-12-24,20546500,13445800,41339700,15731500,15903800.0
2024-12-26,22621200,13954200,28146700,36815400,18967300.0
2024-12-27,26370200,17172300,32070600,31003000,21598000.0
2024-12-30,39377100,28036800,32119900,31036000,18630100.0
2024-12-31,33064600,22608400,26546700,29262500,40649100.0
2025-01-02,39560100,23687000,24396500,76412600,30449400.0
2025-01-03,46612500,40656400,34497000,40925300,124581800.0
2025-01-06,46138400,27593700,56472600,32859000,58377100.0
2025-01-07,33898900,23285100,33287800,38956300,35938000.0
2025-01-08,29108200,22053200,25899100,28712100,33065300.0
2025-01-10,27905400,20783500,29754900,33470100,23209000.0
2025-01-13,32866500,22636200,33913100,32197100,28042700.0
2025-01-14,31584000,27050800,21517900,34100800,30031800.0
2025-01-15,38818600,34406300,27416700,38873100,28674500.0
2025-01-16,29327600,23286000,26766800,43586900,38996400.0
2025-01-17,88413300,35962100,24396500,40496500,65184000.0
2025-01-21,55287700,46327500,40097600,67982600,44540100.0
2025-01-22,35787000,37663100,46466200,51349800,35488200.0
2025-01-23,49812400,65645900,21534400,43826700,39181600.0
2025-01-24,46490600,46786200,31728400,55232000,31519400.0
2025-01-27,40307700,56712600,59858800,107334200,32343300.0
2025-01-28,23062100,37288700,35715300,51829100,23184600.0
2025-01-29,24935700,44705300,25802700,41382700,21378100.0
2025-01-30,33297200,43478100,22577100,35552200,17914700.0
2025-01-31,33483100,38259800,37988200,47846900,20333600.0
2025-02-03,39377800,33672600,44755500,42781900,21909900.0
2025-02-04,23501600,21638700,35954600,29013200,18953000.0
2025-02-05,24320000,23224100,82863100,27706300,13827200.0
2025-02-06,27578500,18711800,66262400,46886900,21519500.0
2025-02-07,34042500,35000600,72679900,32161400,16701800.0
2025-02-10,22214000,19491200,134627800,30509900,22456300.0
2025-02-11,22148400,20138500,153179100,30455200,25126200.0
2025-02-12,23647000,16135800,161454200,33663600,21507200.0
2025-02-13,26889700,38501900,110368100,36477800,27587500.0
2025-02-14,25267900,21596500,133562000,63312400,33953000.0
2025-02-18,26269900,22236100,163200100,53815000,39963200.0
2025-02-19,20778000,15701400,337992700,35555700,28841200.0
2025-02-20,21087400,23848000,181555200,51063600,53113600.0
2025-02-21,36080800,41016700,104690400,54725300,70455100.0
2025-02-24,38059000,41832300,84122600,52266100,56949900.0
2025-02-25,51032900,42441200,146548400,63198000,36379100.0
2025-02-26,41577400,30806300,144521900,51329600,29864400.0
2025-02-27,90411900,33221600,121404800,41470300,31121300.0
2025-02-28,63390300,26442900,96058000,38926400,30926800.0
2025-03-03,70463900,36222500,104518500,58992200,27909700.0
2025-03-04,59643700,32149700,109691900,77982800,31774700.0
2025-03-05,49178600,20823600,69735700,41038000,19063300.0
2025-03-06,48365400,34444700,71552600,49835800,23164800.0
2025-03-07,59542800,25133700,59174000,52630300,27898100.0
2025-03-10,52093500,25478500,73154000,71705200,29226300.0
2025-03-11,39338900,20290000,95890600,54907900,25110900.0
2025-03-12,32587900,17212600,92434500,54143700,22142000.0
2025-03-13,30067900,18296900,56116700,38157700,25293800.0
2025-03-14,42035500,18915000,57205600,37484500,19902000.0
2025-03-17,31566300,19650100,40651100,45612600,22395400.0
2025-03-18,29973100,20641000,53505500,36336100,32767000.0
2025-03-19,38724800,19017200,60767800,46771900,20744300.0
2025-03-20,31171800,19130500,43863900,40485900,29439100.0
2025-03-21,43101600,25519400,64539600,40043900,36684600.0
2025-03-24,52289300,29862700,85032200,58817600,33462400.0
2025-03-25,38228200,30896700,57736800,35685500,22158000.0
2025-03-26,29926200,21054600,59258300,48480600,27753600.0
2025-03-27,22451800,21902000,48512300,58870900,62257100.0
2025-03-28,35038100,22949400,45561600,51302400,35943500.0
2025-03-31,33298300,21383800,43814800,62839200,29697100.0
2025-04-01,35567800,21919700,41752300,48664100,45477400.0
2025-04-02,42127900,30412200,39934500,55622200,54692600.0
2025-04-03,26360300,18115900,45050100,73382300,38259500.0
2025-04-04,44968400,20823400,54490200,89686000,34797900.0
2025-04-07,44828000,26088000,73010200,92561300,40512200.0
2025-04-08,34841600,23423600,61430900,67136200,41876000.0
2025-04-09,56429500,32597800,69891800,94205900,43372900.0
2025-04-10,33703600,18398400,38130400,55996900,25430700.0
2025-04-11,34927200,14522400,27608700,42788100,22906900.0
2025-04-14,35548900,28604300,33565600,47271800,26872000.0
2025-04-15,31020400,24971800,27661300,38606000,21002700.0
2025-04-16,24621400,34267400,38843500,39224300,33313100.0
2025-04-17,19415500,20974700,26958500,46861000,16103300.0
2025-04-21,32418000,27824400,35384400,54164900,24615700.0
2025-04-22,62449200,39942700,32367200,52908900,23025700.0
2025-04-23,42139200,40070500,56445100,56643400,27987800.0
2025-04-24,29150200,24749800,50380400,61837700,19788600.0
2025-04-25,31608600,28068900,38163400,70647900,24483100.0
2025-04-28,30247100,30193100,42508700,95228400,33541000.0
2025-04-29,37502700,43903400,43312300,171099300,18419200.0
2025-04-30,34872300,30845800,98230500,86413300,48760500.0
2025-05-01,61180700,43539500,55087500,70285300,31917000.0
2025-05-02,56634900,53438700,45306800,50789300,27224000.0
2025-05-05,51812500,33472200,33477400,51937900,25460100.0
2025-05-06,23009500,23708300,44675900,40465200,35961300.0
2025-05-07,31516700,22582100,58448500,51029800,56926300.0
2025-05-08,49215700,30927100,42736600,52579800,50103700.0
2025-05-09,86525400,32559800,31459200,53262000,50580800.0
2025-05-12,58400300,29993500,51333900,74278200,35622500.0
2025-05-13,48425700,32790200,96752000,70382900,35004700.0
2025-05-14,30663200,20643300,169224100,77903700,47996500.0
2025-05-15,28710300,28851800,87035100,66129800,55059200.0
2025-05-16,40908200,36915500,99288900,58250800,32231900.0
2025-05-19,35229100,21131800,45618300,57180000,43922000.0
2025-05-20,34242600,20156500,43284200,54429600,63759100.0
2025-05-21,75135700,37772900,54954000,71853700,46878400.0
2025-05-22,84449400,40257200,30515100,56734700,28115800.0
2025-05-23,47232700,23067500,37900700,44155300,21795000.0
2025-05-27,66177800,40428200,40092300,46060200,36961400.0
2025-05-28,57658100,39052900,39353300,56645000,23048100.0
2025-05-29,26868600,31246500,35885100,50198700,25175200.0
2025-05-30,35164200,34036600,34887500,60735700,40113300.0
2025-06-02,36748700,34057100,25940400,53500300,27357400.0
2025-06-03,49904400,42216800,41728700,54104400,22945600.0
2025-06-04,50856400,39116400,31201600,54412400,26241100.0
2025-06-05,41371200,46346900,40439400,70633900,34888200.0
2025-06-06,61255200,55897400,25509600,63286700,24451500.0
2025-06-09,64736500,49134500,27406300,62639300,27172700.0
2025-06-10,49306100,49548800,21494900,57460300,19586300.0
2025-06-11,40761400,41081500,34008900,79569800,20827200.0
2025-06-12,42679700,26537200,24671700,78524700,14829200.0
2025-06-13,55022500,39189200,36493500,76753100,26990400.0
2025-06-16,39214900,46929500,33860900,65414100,26498600.0
2025-06-17,54622000,42121700,20761000,72249500,21409600.0
2025-06-18,37451000,50959400,40654600,84597000,15930900.0
2025-06-20,49493000,33914900,51588500,87552800,28260200.0
2025-06-23,48736200,40675600,69270800,60990900,22204000.0
2025-06-24,43803800,45854600,58068400,64207300,17736500.0
2025-06-25,37555000,34228600,86439500,68438900,14584900.0
2025-06-26,39641200,57591300,72397600,73896800,17763100.0
2025-06-27,39794000,56141900,53757300,92297000,27501900.0
2025-06-30,46603100,49089100,49238000,149080200,18768700.0
2025-07-01,41974200,49405900,42243100,93556500,30282100.0
2025-07-02,82124900,44100000,27703100,67100700,42320400.0
2025-07-03,32142500,27630600,18665600,44667700,21513400.0
2025-07-07,42431700,26513500,33006700,80137800,34462300.0
2025-07-08,33898500,18320400,29002600,111492400,28302900.0
2025-07-09,42743100,30139800,35063600,64252100,16207100.0
2025-07-10,46005300,30089700,33264400,86494100,20665200.0
2025-07-11,54864100,31304500,24861400,92365600,21163700.0
2025-07-14,86813200,53371800,25603000,67028200,28208300.0
2025-07-15,39532000,30289100,62012800,61495400,27878300.0
2025-07-16,49524200,30469000,30066100,59992000,41553000.0
2025-07-17,37813600,50020100,31534600,49837600,52110700.0
2025-07-18,41471900,54887000,31842400,59729100,48648400.0
2025-07-21,39987100,127903700,38140200,48699000,35627000.0
2025-07-22,36111100,55230500,31829300,63655900,45193500.0
2025-07-23,138542800,65549400,25249600,49653700,38372200.0
2025-07-24,59837900,59749200,37679300,46110300,39294600.0
2025-07-25,39143600,43124400,34308400,40134900,51134500.0
2025-07-28,40821700,47947100,72578800,59105900,22639700.0
2025-07-29,41980500,31350900,57488300,236127400,38882200.0
2025-07-30,58937300,21239200,53032900,183424700,37652100.0
2025-07-31,40020400,28775400,46751800,120095300,37911500.0
2025-08-01,43231700,50470100,40840300,89388500,42548400.0
2025-08-04,29808000,17459700,32743600,59741200,45497100.0
2025-08-05,28810500,26878900,49970600,48936500,67997400.0
2025-08-06,21598700,37511300,115217900,36720500,67072700.0
2025-08-07,26323600,23595300,43942200,53034200,33230100.0
2025-08-08,25638900,20812900,43796800,49146100,31601200.0
2025-08-11,32497200,21563300,31865900,58462600,40349800.0
2025-08-12,26799400,16898500,30326100,56583300,33584100.0
2025-08-13,46169200,18242500,26004400,68665800,25094800.0
2025-08-14,45222400,34334800,22948700,52370500,38053200.0
2025-08-15,37126700,30886400,27407500,44765000,51961800.0
2025-08-18,50673500,40044800,22586500,45472900,38394400.0
2025-08-19,40759700,31142900,30319200,82575000,48702000.0
2025-08-20,40586200,38233000,31496600,87818300,45077400.0
2025-08-21,47738600,33741900,16552100,53440700,42737000.0
2025-08-22,79096900,52236800,24089100,101606500,64603100.0
2025-08-25,75372600,50003300,18782000,90233000,46841300.0
2025-08-26,50801000,35059200,18168200,125930100,53099500.0
2025-08-27,49786300,29031700,18925100,54456400,38969800.0
2025-08-28,38340800,37356800,22120100,68314800,31625800.0
2025-08-29,66806700,35730100,36835900,54432500,39634100.0
2025-09-02,56252800,46639400,29924300,76177300,51257800.0
2025-09-03,56723900,40967000,20472800,48252800,77654700.0
2025-09-04,53255600,38251400,22479400,51599700,82734000.0
2025-09-05,62432000,37097700,21771700,71312300,87135100.0
2025-09-08,59266800,42427800,19033300,55972700,54560700.0
2025-09-09,71693300,66569100,37459000,49113000,30599700.0
2025-09-10,59254500,55199700,40876000,63942200,32445400.0
2025-09-11,53841900,36113300,24437700,54719200,40471700.0
2025-09-12,70580400,39962200,38138300,61305200,67199600.0
2025-09-15,76839500,40517200,22441800,66929400,30818500.0
2025-09-16,112743500,53945100,18139200,67268500,62422900.0
2025-09-17,79415800,43787700,22589200,73319900,47865900.0
2025-09-18,83114700,30168500,26315800,71508300,48669500.0
2025-09-19,62943800,43345000,28688400,74760900,68671900.0
2025-09-22,84866900,43066300,39930600,64448300,74244700.0
2025-09-23,66847700,36249100,27042500,47417500,53832600.0
2025-09-24,71463000,59315300,24991300,46087500,50644500.0
2025-09-25,85062100,31514500,24372200,49863500,44793600.0
2025-09-26,51924400,49095700,22879400,36585300,36800700.0
2025-09-29,104494800,45171400,25012600,60395300,46005200.0
2025-09-30,57430600,43274300,32168500,94402900,48572400.0
2025-10-01,65823400,34586000,48357200,81148100,27345900.0
2025-10-02,58147400,29498300,32744400,65256700,75952400.0
2025-10-03,60740800,40191800,32220400,78751700,45879700.0
2025-10-06,73382800,40384700,40241600,97325600,29514100.0
2025-10-07,56239900,32348000,37885900,121607800,31711000.0
2025-10-08,50170500,28859500,45151400,84643200,26798600.0
2025-10-09,49472600,24654200,29801500,66863900,27776400.0
2025-10-10,80366600,36397200,45087800,106425800,25834700.0
2025-10-13,42343600,25822400,24588900,62676100,21988800.0
2025-10-14,72225900,26294700,19789100,75502500,25298100.0
2025-10-15,58503700,19314900,16646000,67849600,36082900.0
2025-10-16,63827700,22941100,24656600,73472500,28327500.0
2025-10-17,49863700,22556500,20681800,48123300,24003800.0
2025-10-20,49220200,22037400,45553300,71880800,35626600.0
2025-10-21,40022600,18231100,29016500,56408100,27959900.0
2025-10-22,41372900,20084800,34326200,72894600,41848600.0
2025-10-23,32710100,17813400,57175700,51151800,26000500.0
2025-10-24,30810100,15624700,25206600,53154700,28316100.0
2025-10-27,34113000,21638900,27434500,82986500,48280800.0
2025-10-28,40462100,22936600,28064400,183013600,41866300.0
2025-10-29,33793300,25248100,25028500,95429700,34922200.0
2025-10-30,34392400,20561300,17736600,70598700,39850400.0
2025-10-31,33419500,33356000,19822800,66924000,44821400.0
2025-11-03,38632000,33715600,23811300,90431700,38765500.0
2025-11-04,51710300,25277300,37973500,71481000,55207800.0
2025-11-05,43786400,32493600,61413600,57853300,197650600.0
2025-11-06,40692300,22687000,32092100,88016900,88735300.0
2025-11-07,51496900,22442100,32960200,78769400,65782100.0
2025-11-10,37135400,17622700,26396700,93548100,104369900.0
2025-11-11,50681700,22278700,21707800,64599400,109217400.0
2025-11-12,41649900,24259800,24749700,102911700,72372100.0
2025-11-13,53568200,28407500,37471500,117242200,58775100.0
2025-11-14,49802900,31664700,37325200,87118500,60069200.0
2025-11-17,53541900,22867700,32689500,75957500,58303200.0
2025-11-18,49781500,18309400,28024900,66837600,40761500.0
2025-11-19,51758900,21392400,28892800,63026400,51911000.0
2025-11-20,55553200,21872500,37801500,98241000,45539400.0
2025-11-21,56525100,18271700,28321200,90228900,40498600.0
2025-11-24,53592200,17483100,27885100,63707200,42345100.0
2025-11-25,39384500,21051300,22199800,56810400,30087700.0
2025-11-26,49739500,19374700,21642400,56355000,35451200.0
2025-11-28,31835100,21219100,10755800,26903900,18543000.0
2025-12-01,47151600,19149400,20952400,47130600,43381000.0
2025-12-02,46125200,21975200,19434000,59744800,34438900.0
2025-12-03,42574500,14094000,16253200,52091100,31993600.0
2025-12-04,32405800,12930000,17205700,63446300,39172100.0
2025-12-05,37605500,15302800,19415300,138363300,40574600.0
2025-12-08,33653800,12472000,21290300,65462200,41828700.0
2025-12-09,42518200,15477900,17513000,57832100,21450700.0
2025-12-10,37825600,14876200,17615700,61267500,48017200.0
2025-12-11,44290800,21134900,23178900,42165600,97129800.0
2025-12-12,42717300,18277400,22435100,55003200,103734200.0
2025-12-15,44712700,19176500,18470600,50190000,64341000.0
2025-12-16,39827400,13951400,20835800,44364700,46207200.0
2025-12-17,49404000,14833700,24797200,49987000,32172700.0
2025-12-18,46078300,14402700,25658700,45162700,67245400.0
2025-12-19,57068100,19399800,39854100,43950600,106165100.0
2025-12-22,35379800,13007900,21470400,36160700,38448500.0
2025-12-23,32302300,11055500,18146700,26377300,38763700.0
2025-12-24,13168600,4460600,6805600,14424700,10629600.0
2025-12-26,28503100,8972100,14262700,24735600,20503000.0
2025-12-29,29561200,8623500,19595400,26021100,20707600.0
2025-12-30,28454800,13824400,21568200,28429400,38607700.0
2025-12-31,30543600,10971600,24845000,34070300,21573800.0
2026-01-02,45408000,21653500,30675100,55065600,42740200.0
2026-01-05,40202100,14201200,38591800,73826300,31071500.0
2026-01-06,34062500,14039800,29127500,120271300,34687800.0
2026-01-07,32215400,17491900,22808200,43444900,42136800.0
2026-01-08,31093100,13371900,21598200,50496100,36672600.0
2026-01-09,32172700,16439500,27159800,43777000,32467400.0
2026-01-12,38514000,20866200,24840600,49134000,29279100.0
2026-01-13,43133400,19757500,52519700,45562900,24788400.0
2026-01-14,56484300,27729100,25019200,40864200,53011100.0
2026-01-15,47808200,15568000,33266300,47958300,29245400.0
2026-01-16,51948100,53701100,79038200,40832300,26925000.0
2026-01-20,45896100,25353400,39742100,37001100,29808100.0
2026-01-21,43023400,21079200,37885100,50248300,23601500.0
2026-01-22,42011200,13647200,29917800,35356300,20350000.0
2026-01-23,46881200,22985400,34482400,34264200,20442100.0
2026-01-26,39545100,20019400,19400400,36320300,17863800.0
2026-01-27,38581200,18849000,20774600,38768100,21218500.0
2026-01-28,36791300,14628700,24239900,48776100,19042100.0
2026-01-29,39218800,18693900,28135500,67935300,23475000.0
2026-01-30,37390600,19706700,24089600,131667900,25350700.0
2026-02-02,48414800,15999700,26817000,64063800,19269300.0
2026-02-03,53722600,18849700,42513900,92380200,25673300.0
2026-02-04,54008100,26099900,115558200,85930900,23370800.0
2026-02-05,80158300,32921100,60314000,87454700,29469100.0
2026-02-06,82353100,25278000,49279800,67020900,31308200.0
2026-02-09,67741600,18191300,32251900,64079400,31858800.0
2026-02-10,45953200,14746500,24777500,55796600,37616400.0
2026-02-11,49265200,17062500,24547200,52565000,27135500.0
2026-02-12,38590500,21918600,25527900,63515100,38024300.0
2026-02-13,50848000,19809700,21660700,43139300,127927300.0
2026-02-17,41177900,17213300,20377400,49681800,55972100.0
2026-02-18,31304600,26762800,16814700,59588800,30101700.0
2026-02-19,36294000,17510400,42320100,53391100,28703600.0
2026-02-20,37531000,20495600,26058900,68549800,20860500.0
2026-02-23,33052500,14920900,21437200,82932900,17459800.0
2026-02-24,37255100,17052100,17982600,62839300,21025300.0
2026-02-25,57452200,17540100,32402900,67462500,19283200.0
2026-02-26,51112000,12662600,28496100,69888000,23469700.0
2026-02-27,102354900,15497700,27204800,115602700,34214300.0
2026-03-02,70189900,19694000,28730000,74612700,20187700.0
2026-03-03,51493600,24626100,26566000,71879300,25283000.0
2026-03-04,61220700,21174700,31472400,62745900,23847600.0
2026-03-05,49553100,21039000,26932500,68834400,27696900.0
2026-03-06,36530700,20747700,21134600,76383800,24930200.0
2026-03-09,42397700,17254400,27705300,75562800,25666200.0
2026-03-10,42957000,15746600,19233100,62077100,51139300.0
2026-03-11,38141200,15230500,22009200,59435000,21360700.0
2026-03-12,37631600,16202900,16569400,63114900,37373900.0
2026-03-13,73339000,19874700,18279100,56401700,30983100.0
2026-03-16,47904200,18671400,28824000,66832200,25041500.0
2026-03-17,35673200,14784800,20833600,160394800,22536900.0
2026-03-18,40559700,18597900,24360500,80507500,19144700.0
2026-03-19,42849900,12493400,25754900,72088500,78928100.0
2026-03-20,50901300,15573500,242958500,78470700,51016900.0
2026-03-23,47208500,16517600,114269700,71455700,37348000.0
2026-03-24,41068500,13309100,69821400,55320700,19443600.0
2026-03-25,38872400,16018100,67917100,45542800,20330900.0
2026-03-26,106517600,14665400,53777300,59196200,16862800.0
2026-03-27,50702400,17530700,33020400,54978600,22351500.0
2026-03-30,36120400,16882500,34074900,61936600,19715400.0
2026-03-31,47427000,18025000,37631100,51654300,24085900.0
2026-04-01,31162800,13290900,33420900,57772600,22177900.0
2026-04-02,50528900,14491000,30446100,53233600,20720100.0
2026-04-06,36599100,12020400,23564800,42632700,22766800.0
2026-04-07,42383900,14780900,25328300,41359100,27778900.0
2026-04-08,50071900,28412100,31894200,64323300,31904800.0
2026-04-09,50414800,18245200,28654000,43999800,16625000.0
2026-04-10,36746400,13953800,43565800,31786000,19334300.0
2026-04-13,50103300,14040300,30023600,50542200,22415800.0
2026-04-14,46138000,17906900,40885400,57502600,29182500.0
2026-04-15,38864400,31416300,27816900,71398000,23475200.0
2026-04-16,56410900,23724500,28966100,72544300,29131700.0
2026-04-17,52372100,20578400,21872300,73610400,32234700.0
2026-04-20,41940100,22124900,22593900,52582100,19620300.0
