Date,AAPL,MSFT,NVDA,GOOGL,AMZN
2021-04-22,84566500,25606200,277788000,24146000,51612000
2021-04-23,78657500,21462600,227500000,29066000,63856000
2021-04-26,66905100,19763300,197796000,32038000,97614000
2021-04-27,66015800,31014200,164572000,44386000,76542000
2021-04-28,107760100,46903100,209416000,81106000,92638000
2021-04-29,151101000,40589000,173196000,41234000,153648000
2021-04-30,109839500,30945100,201912000,44856000,140186000
2021-05-03,75135100,19626600,203912000,28242000,117510000
2021-05-04,137564700,32756100,405324000,44818000,108788000
2021-05-05,84000900,21901300,292024000,26636000,74226000
2021-05-06,78128300,26491100,193380000,25190000,88954000
2021-05-07,78973300,27032900,229328000,28898000,94206000
2021-05-10,88071200,29299900,268904000,30914000,116772000
2021-05-11,126142800,33641600,285584000,34186000,92396000
2021-05-12,112172300,36684400,303408000,46376000,98728000
2021-05-13,105861300,29624300,285404000,33204000,67018000
2021-05-14,81918000,23901100,258616000,31996000,66500000
2021-05-17,74244600,24970200,216980000,21598000,74478000
2021-05-18,63342900,20168000,186256000,22204000,56568000
2021-05-19,92612000,25739800,344000000,23684000,53594000
2021-05-20,76857100,21800700,321592000,32352000,52664000
2021-05-21,79295400,21863100,672992000,40632000,82098000
2021-05-24,63092900,21411500,554816000,31832000,48456000
2021-05-25,72009500,17704300,435408000,22440000,65222000
2021-05-26,56575900,17771600,370440000,21572000,47680000
2021-05-27,94625600,24426200,581476000,35224000,51224000
2021-05-28,71311100,18270200,644536000,21482000,46596000
2021-06-01,67637100,23213300,472804000,23354000,48600000
2021-06-02,59278900,19406700,594168000,21158000,40290000
2021-06-03,76229200,25307700,580008000,18696000,47966000
2021-06-04,75169300,25281100,617120000,24458000,44994000
2021-06-07,71057600,23079200,575756000,24120000,44316000
2021-06-08,74403800,22455000,323848000,24240000,68334000
2021-06-09,56877900,17937600,381656000,17942000,49110000
2021-06-10,71186400,24563600,287772000,25904000,69530000
2021-06-11,53522400,18999700,416308000,21958000,56348000
2021-06-14,96906500,19150500,321376000,22098000,51394000
2021-06-15,62746300,18038900,243032000,21562000,48524000
2021-06-16,91815000,27220000,307124000,26472000,84056000
2021-06-17,96721700,27565500,809656000,25842000,102730000
2021-06-18,108953300,37202200,968856000,46116000,104954000
2021-06-21,79663300,26696100,672384000,27414000,65542000
2021-06-22,74783600,24694100,580144000,22390000,66902000
2021-06-23,60214200,19518700,332356000,19148000,56266000
2021-06-24,68711000,21446900,320924000,21362000,76640000
2021-06-25,70783700,25611100,278364000,34594000,78820000
2021-06-28,62111300,19590000,495436000,28526000,44856000
2021-06-29,64556100,19937800,367632000,23108000,41968000
2021-06-30,63261400,21656500,326568000,24474000,48080000
2021-07-01,52485800,16725300,480136000,18110000,40742000
2021-07-02,78852600,26458000,342764000,25982000,63388000
2021-07-06,108181800,31565600,446708000,26404000,134896000
2021-07-07,104911600,23260000,418428000,24060000,106562000
2021-07-08,105575500,24618600,503300000,23790000,103612000
2021-07-09,99890800,23916700,296624000,18632000,74964000
2021-07-12,76299700,18931700,321984000,17668000,51432000
2021-07-13,100827100,26120100,290708000,19240000,76918000
2021-07-14,127050800,23113700,380100000,23742000,65932000
2021-07-15,106820300,22604200,550564000,24218000,63706000
2021-07-16,93251400,26186800,688224000,20424000,80874000
2021-07-19,121434600,32935600,749060000,27968000,75692000
2021-07-20,96350000,26259700,434687000,26312000,65114000
2021-07-21,74993500,24364300,371017000,20746000,46380000
2021-07-22,77338200,23384100,323826000,14302000,65308000
2021-07-23,71447400,22768100,195672000,41506000,48726000
2021-07-26,72434100,23176100,203943000,30572000,58002000
2021-07-27,104818600,33604100,248863000,54710000,82638000
2021-07-28,118931200,33566900,202191000,95130000,59988000
2021-07-29,56699500,18168300,190781000,31716000,110400000
2021-07-30,70440600,20944800,183497000,25576000,199312000
2021-08-02,62880000,16267400,217444000,21634000,67078000
2021-08-03,64786600,17879000,301811000,20762000,83146000
2021-08-04,56368300,16191300,231309000,19676000,43678000
2021-08-05,46397700,13900200,211435000,17870000,48670000
2021-08-06,54126800,16589300,178497000,20488000,52752000
2021-08-09,48908700,16117600,146443000,17760000,42964000
2021-08-10,69023100,18616600,179238000,19414000,48252000
2021-08-11,48493500,13955900,185925000,15352000,58944000
2021-08-12,72282600,14561300,151652000,16506000,46282000
2021-08-13,59375000,18249000,183063000,15948000,41134000
2021-08-16,103296000,22507600,210876000,22384000,66394000
2021-08-17,92229700,20075300,204585000,21716000,67758000
2021-08-18,86326000,21813000,285913000,19258000,56086000
2021-08-19,86960300,29850500,766555000,21782000,75658000
2021-08-20,60549600,40817600,675741000,31194000,67168000
2021-08-23,60131800,22830200,575807000,28454000,65362000
2021-08-24,48606400,18175800,297299000,19268000,51036000
2021-08-25,58991300,20006100,347701000,15848000,33606000
2021-08-26,48597200,17666100,237940000,20610000,41976000
2021-08-27,55802400,22605700,304722000,28780000,48048000
2021-08-30,90956700,16348100,262580000,24434000,63844000
2021-08-31,86453100,26285300,259850000,22448000,87128000
2021-09-01,80313700,18983800,201767000,21936000,72598000
2021-09-02,71115500,16285600,187834000,32342000,58474000
2021-09-03,57808700,14747900,280532000,19850000,51514000
2021-09-07,82278300,17180400,198107000,20124000,54758000
2021-09-08,74420200,15046800,254434000,18344000,61068000
2021-09-09,57305700,19927000,196856000,15314000,54384000
2021-09-10,140893200,19633400,248376000,36840000,47946000
2021-09-13,102404300,23652900,297500000,22094000,51380000
2021-09-14,109296300,21853400,199755000,19674000,38738000
2021-09-15,83281300,28356300,166538000,27408000,59150000
2021-09-16,68034100,19550800,156033000,26190000,51672000
2021-09-17,129868800,41372500,294503000,53384000,92332000
2021-09-20,123478900,38278700,349440000,46518000,93382000
2021-09-21,75834000,22364100,204688000,25332000,55618000
2021-09-22,76404300,26626300,268726000,25056000,48228000
2021-09-23,64838200,18604600,248555000,20952000,47588000
2021-09-24,53477900,14999000,217655000,22984000,42324000
2021-09-27,74150700,23571700,245215000,21882000,72690000
2021-09-28,108972300,43186200,343069000,45772000,88616000
2021-09-29,74602000,26353700,218394000,30848000,51246000
2021-09-30,89056700,32343600,221009000,37996000,56848000
2021-10-01,94639600,30086300,240978000,35360000,56712000
2021-10-04,98322000,31350700,345635000,51202000,90462000
2021-10-05,80861100,24993000,279282000,32404000,65384000
2021-10-06,83221100,28002600,297202000,24364000,50660000
2021-10-07,61732700,20430500,256919000,25110000,48182000
2021-10-08,58773200,17685700,151258000,26526000,39964000
2021-10-11,64452200,19298600,163388000,17954000,40684000
2021-10-12,73035900,17974100,162134000,36332000,36392000
2021-10-13,78762700,23416300,180652000,19654000,48402000
2021-10-14,69907100,27262900,243589000,31894000,42190000
2021-10-15,67940300,25384800,226994000,30274000,103598000
2021-10-18,85589200,22729300,189494000,20396000,63482000
2021-10-19,76378900,17682100,161473000,20164000,47722000
2021-10-20,58418800,16537100,146276000,23288000,42796000
2021-10-21,61421000,16918100,187590000,26292000,37628000
2021-10-22,58883400,17449300,249384000,50588000,62782000
2021-10-25,50720600,17554500,230235000,34412000,44520000
2021-10-26,60893400,28107300,485898000,49236000,53966000
2021-10-27,56094900,52588700,245990000,85782000,54044000
2021-10-28,100077900,26297900,234204000,36206000,114174000
2021-10-29,124953200,34766000,292503000,43320000,129722000
2021-11-01,74588300,27073200,265740000,46924000,72178000
2021-11-02,69122000,26487100,294112000,33482000,52552000
2021-11-03,54511500,21500100,239910000,27494000,67944000
2021-11-04,60394600,23992200,1153631000,38412000,107060000
2021-11-05,65463900,22570100,851260000,38354000,99940000
2021-11-08,55020900,20897000,503101000,23052000,61480000
2021-11-09,56787900,21307400,646746000,19530000,85898000
2021-11-10,65187100,25500900,636206000,29970000,80548000
2021-11-11,41000000,16849800,332172000,16518000,45288000
2021-11-12,63804000,23831000,413054000,22360000,53788000
2021-11-15,59222800,16723000,384909000,23508000,58594000
2021-11-16,59256200,20886800,264484000,18904000,44342000
2021-11-17,88807000,19053400,428508000,19594000,51206000
2021-11-18,137827700,22463500,781711000,35608000,114070000
2021-11-19,117305600,21963400,533867000,33682000,98734000
2021-11-22,117467900,31031100,754335000,30594000,96844000
2021-11-23,96041900,30427600,532163000,27218000,73804000
2021-11-24,69463600,21661300,435162000,18040000,46560000
2021-11-26,76959800,24217200,283069000,30470000,59826000
2021-11-29,88748200,28563500,454964000,32596000,65312000
2021-11-30,174048100,42885600,622066000,42068000,80022000
2021-12-01,152052500,33337600,484368000,34020000,74916000
2021-12-02,136739200,30766000,472890000,29194000,64726000
2021-12-03,118023100,41779300,544325000,41230000,80712000
2021-12-06,107497000,30032600,658938000,30618000,68860000
2021-12-07,120405400,31021900,593053000,32240000,66410000
2021-12-08,116998900,24761000,475551000,24270000,45254000
2021-12-09,108923700,22214200,488507000,23270000,46062000
2021-12-10,115402700,38095700,488825000,24458000,60690000
2021-12-13,153237000,28899400,598344000,27070000,62170000
2021-12-14,139380400,44438700,667035000,38446000,55976000
2021-12-15,131063300,35381100,698297000,36370000,75794000
2021-12-16,150185800,35034800,707366000,33650000,60876000
2021-12-17,195432700,47750300,713758000,50416000,85542000
2021-12-20,107499100,28326500,461847000,27192000,57372000
2021-12-21,91185900,24740600,524385000,28756000,55956000
2021-12-22,92135300,24831500,395184000,26322000,55036000
2021-12-23,68356600,19617800,343022000,26384000,36788000
2021-12-27,74919600,19947000,403686000,15976000,58688000
2021-12-28,79144300,15661500,420591000,18200000,54638000
2021-12-29,62348900,15042000,343139000,17788000,35754000
2021-12-30,59773000,15994500,308864000,15688000,37584000
2021-12-31,64062300,18000800,266530000,18136000,47830000
2022-01-03,104487900,28865100,391547000,28646000,63520000
2022-01-04,99310400,32674300,527154000,28400000,70726000
2022-01-05,94537600,40054300,498064000,54618000,64302000
2022-01-06,96904000,39646100,454186000,37348000,51958000
2022-01-07,86709100,32720000,409939000,29760000,46606000
2022-01-10,106765600,44289500,594681000,44408000,87798000
2022-01-11,76138300,29386800,404089000,28730000,62806000
2022-01-12,74805200,34372200,383413000,26108000,50030000
2022-01-13,84505800,45366000,540171000,31436000,52188000
2022-01-14,80440800,39846400,395832000,29662000,45974000
2022-01-18,90956700,42333200,424270000,34872000,67292000
2022-01-19,94815000,45933900,488315000,28648000,53242000
2022-01-20,91420500,35380700,435181000,29908000,71974000
2022-01-21,122848900,57984400,718958000,55652000,163972000
2022-01-24,162294600,85731500,913982000,76622000,155624000
2022-01-25,115798400,72848600,664616000,46960000,90824000
2022-01-26,108275300,90428900,755959000,49130000,95602000
2022-01-27,121954600,53481300,573353000,31950000,77516000
2022-01-28,179935700,49743700,543774000,34362000,74392000
2022-01-31,115541600,46444500,564680000,39986000,78308000
2022-02-01,86213900,40950400,518925000,68644000,59220000
2022-02-02,84914300,36636000,543419000,123200000,87330000
2022-02-03,89418100,43730000,410178000,71518000,225532000
2022-02-04,82465400,35096500,354829000,57998000,253456000
2022-02-07,77251200,28533300,376868000,54974000,102624000
2022-02-08,74829200,32421200,410359000,54284000,76040000
2022-02-09,71285000,31284700,524282000,40144000,68786000
2022-02-10,90865900,45386200,513200000,39330000,68268000
2022-02-11,98670700,39175600,605472000,39958000,77100000
2022-02-14,86185500,36359500,440424000,34302000,83230000
2022-02-15,62527400,27058300,699869000,26680000,56440000
2022-02-16,61177400,29982100,732676000,25022000,52704000
2022-02-17,69589300,32461600,810595000,38950000,64032000
2022-02-18,82772700,34264000,761255000,45620000,63604000
2022-02-22,91162800,41736100,633422000,44990000,66128000
2022-02-23,90009200,37811200,566511000,32786000,64244000
2022-02-24,141147500,56989700,735801000,54456000,100786000
2022-02-25,91974200,32546700,528866000,36406000,62396000
2022-02-28,95056600,34627500,477319000,38864000,57684000
2022-03-01,83474400,31217800,412056000,26496000,44874000
2022-03-02,79724800,31873000,389642000,23520000,47334000
2022-03-03,76678400,27314500,365095000,24604000,65198000
2022-03-04,83737200,32356500,431415000,30430000,60934000
2022-03-07,96418800,43157200,450821000,45112000,86934000
2022-03-08,131148300,48159500,557467000,40428000,91662000
2022-03-09,91454900,35204500,492742000,37026000,82656000
2022-03-10,105342000,30628000,428066000,27102000,135062000
2022-03-11,96970100,27209300,367209000,31526000,68900000
2022-03-14,108732100,30660700,385354000,38812000,74086000
2022-03-15,92964300,34245100,491996000,30920000,75584000
2022-03-16,102300200,37826300,671422000,35576000,84958000
2022-03-17,75615400,30816600,471941000,28264000,72934000
2022-03-18,123511700,43390600,730719000,44566000,102962000
2022-03-21,95811400,28351200,591727000,26832000,66538000
2022-03-22,81532000,27599700,547007000,35496000,64086000
2022-03-23,98062700,25715400,502120000,25154000,55812000
2022-03-24,90131400,24484500,877379000,26396000,56798000
2022-03-25,80546200,22566500,579016000,24126000,49032000
2022-03-28,90371900,29578200,425494000,35050000,59854000
2022-03-29,100589400,30393400,488984000,34318000,66154000
2022-03-30,92633200,28163600,463487000,19884000,56168000
2022-03-31,103049300,33422100,523440000,37524000,59966000
2022-04-01,78751300,27110500,517235000,25942000,57090000
2022-04-04,76468400,24289600,397120000,25942000,49882000
2022-04-05,73401800,23156700,436615000,21418000,53728000
2022-04-06,89058800,40110400,703833000,32468000,79056000
2022-04-07,77594700,31411200,557992000,26234000,68136000
2022-04-08,76575500,24361900,524781000,25142000,46002000
2022-04-11,72246700,34569300,575207000,36884000,52112000
2022-04-12,79265200,30966700,662258000,32710000,55178000
2022-04-13,70618900,21907200,516943000,27928000,53390000
2022-04-14,75329400,28221600,569097000,31598000,51598000
2022-04-18,69023900,20778000,525701000,20808000,46514000
2022-04-19,67723800,22297700,512781000,26490000,54926000
2022-04-20,67929800,22906700,468974000,31696000,59630000
2022-04-21,87227800,29454600,656209000,36446000,63970000
2022-04-22,84882400,29405800,624713000,56884000,73078000
2022-04-25,96046400,35678900,641566000,46128000,61874000
2022-04-26,95623200,46518400,653143000,73054000,77530000
2022-04-27,88063200,63477700,499460000,91820000,71336000
2022-04-28,130216800,33646600,570327000,48884000,117316000
2022-04-29,131747600,37073900,500435000,42676000,272662000
2022-05-02,123055300,35151100,572049000,35534000,148788000
2022-05-03,88966500,25978600,475751000,24968000,79134000
2022-05-04,108256500,33599300,648855000,49916000,110746000
2022-05-05,130525300,43260400,626331000,45840000,144392000
2022-05-06,116124600,37780300,633297000,39710000,124260000
2022-05-09,131577900,47726000,644455000,40802000,128124000
2022-05-10,115366700,39336400,761474000,39900000,105434000
2022-05-11,142689800,48975900,670167000,37534000,109704000
2022-05-12,182602000,51033800,708728000,53836000,132026000
2022-05-13,113990900,34925100,670437000,35038000,93684000
2022-05-16,86643800,32550900,521446000,25990000,74566000
2022-05-17,78336300,28828800,585830000,23054000,76448000
2022-05-18,109742900,31356000,545161000,35126000,108380000
2022-05-19,136095600,32692300,621310000,34144000,88142000
2022-05-20,137426100,39199300,739105000,48962000,99500000
2022-05-23,117726300,33175400,639889000,37184000,107798000
2022-05-24,104132700,29043900,588550000,76780000,102934000
2022-05-25,92482700,28547900,781132000,40258000,93120000
2022-05-26,90601500,25002100,996575000,37948000,93002000
2022-05-27,90978500,26910800,738379000,37914000,93660000
2022-05-31,103718400,37827700,664100000,50012000,144634000
2022-06-01,74286600,25292200,544514000,36606000,127528000
2022-06-02,72348100,44008200,648656000,37992000,100560000
2022-06-03,88570300,28059000,598779000,26136000,97604000
2022-06-06,71598400,22400300,422406000,33542000,135269000
2022-06-07,67808200,22860700,388914000,31590000,85156700
2022-06-08,53950200,17372300,363252000,26108000,64926600
2022-06-09,69473000,26439700,395574000,25798000,67029800
2022-06-10,91437900,31422800,465248000,41452000,87266000
2022-06-13,122207100,46135800,604153000,47252000,99277700
2022-06-14,84784300,28651500,469680000,33706000,69728800
2022-06-15,91533000,33111700,563936000,39698000,85011100
2022-06-16,108123900,33169200,545749000,51684000,82186300
2022-06-17,134520300,43084800,630334000,51376000,99772100
2022-06-21,81000500,29928300,483089000,47416000,70901200
2022-06-22,73409200,25939900,437135000,30774000,60040100
2022-06-23,72433800,25861400,463680000,28362000,64345300
2022-06-24,89116800,33923200,472153000,41164000,69867600
2022-06-27,70207900,24615100,427968000,36420000,62133200
2022-06-28,67083400,27295500,461149000,35792000,74942900
2022-06-29,66242400,20069800,482352000,24716000,66375300
2022-06-30,98964500,31730900,686070000,43170000,97679400
2022-07-01,71051600,22837700,577610000,35476000,73021200
2022-07-05,73353800,22941000,651397000,39342000,76583700
2022-07-06,74064300,23824400,529066000,37432000,66958900
2022-07-07,66253700,20859900,492903000,40936000,57872300
2022-07-08,64547800,19658800,467972000,38238000,45719700
2022-07-11,63141600,19455200,437321000,31196000,53487600
2022-07-12,77588800,35868500,458483000,29960000,54280300
2022-07-13,71185600,29497400,521918000,43722000,61353800
2022-07-14,78140700,25102800,456235000,37004000,51163100
2022-07-15,76259900,29774100,385935000,46770000,84317800
2022-07-18,81420900,20975000,670517000,43164600,59115400
2022-07-19,82982400,25012600,702366000,36530900,60990000
2022-07-20,64823400,22788300,760538000,35600400,71268300
2022-07-21,65086600,22404700,557049000,32676200,60239900
2022-07-22,66675400,21881300,536671000,48901200,51463800
2022-07-25,53623900,21056000,480748000,34690900,50221300
2022-07-26,55138700,39348000,397865000,47991000,67075100
2022-07-27,78620700,45994000,569776000,59858500,61582000
2022-07-28,81378700,33459300,474646000,32816600,82245500
2022-07-29,101786900,32152800,435460000,37223400,148892900
2022-08-01,67829400,21539600,476469000,26034300,76846900
2022-08-02,59907000,22754200,489527000,20236000,61922400
2022-08-03,82507500,23518900,418146000,28499000,71827800
2022-08-04,55474100,18098700,409652000,21602900,70585000
2022-08-05,56697000,16774600,386068000,19159500,50686900
2022-08-08,60276900,18739200,981859000,19138300,52229000
2022-08-09,63135500,23405200,668263000,19086500,40434700
2022-08-10,70170500,24687800,597422000,30930400,54773800
2022-08-11,57149200,20065900,509327000,24293700,44867300
2022-08-12,68039400,22619700,478094000,19096300,47643500
2022-08-15,54091700,18085700,457666000,19494800,39014600
2022-08-16,56377100,18102900,451240000,19041200,59102900
2022-08-17,79542000,18253400,446799000,22847000,48149800
2022-08-18,62290100,17186200,415447000,17987700,37458700
2022-08-19,70346300,20570000,441588000,21809500,47792800
2022-08-22,69026800,25061100,409593000,21456600,50461500
2022-08-23,54147100,17527400,369986000,15870400,36252100
2022-08-24,53841500,18137000,522661000,17734600,38627000
2022-08-25,51218200,16583400,770691000,16956800,37496300
2022-08-26,78961000,27549300,769127000,37245700,53322700
2022-08-29,73314000,20338500,496132000,21191200,48101600
2022-08-30,77906200,22767100,530181000,27513300,49203000
2022-08-31,87991100,24791800,573710000,28627000,53648700
2022-09-01,74229900,23263400,1178865000,28360900,56636100
2022-09-02,76957800,22855400,743157000,24160700,57429800
2022-09-06,73714800,21328200,535751000,25068300,43888600
2022-09-07,87449600,24126700,512657000,23167000,47900300
2022-09-08,84923800,20319900,624873000,24238300,43988500
2022-09-09,68028800,22084700,486612000,23197700,49387600
2022-09-12,104956000,18747700,484159000,22966800,53826900
2022-09-13,122656600,33353300,714956000,38172900,72694000
2022-09-14,87965400,23913000,588507000,26395100,45316800
2022-09-15,90481100,31530900,523625000,34188300,52887200
2022-09-16,162278800,39791800,670751000,42797200,115667800
2022-09-19,81474200,26826900,569685000,23036800,47279700
2022-09-20,107689800,26660300,524818000,26517100,47698400
2022-09-21,101696800,28625600,807679000,31487300,58498900
2022-09-22,86652500,31061200,759162000,34298600,55229200
2022-09-23,96029900,34176000,663309000,31625400,65126700
2022-09-26,93339400,27694200,547343000,27072700,62723300
2022-09-27,84442700,27018700,553854000,30072800,60094700
2022-09-28,146691400,29029700,542414000,32466300,55763800
2022-09-29,128138200,27484200,532763000,31047200,58969700
2022-09-30,124925300,35694800,565638000,32941500,59479600
2022-10-03,114311700,28880400,547478000,27982000,50941900
2022-10-04,87830100,34888400,584182000,28850800,62812600
2022-10-05,79471000,20347100,507131000,22176900,48217500
2022-10-06,68402200,20239900,644157000,22324000,42253800
2022-10-07,85925600,37769600,672478000,27502800,54678000
2022-10-10,74899000,29743600,698699000,18225100,42339700
2022-10-11,77033700,30474000,667482000,26507100,56432200
2022-10-12,70433700,21903900,492590000,21876400,45728700
2022-10-13,113224000,42551800,850103000,34574500,86868100
2022-10-14,88598000,30198600,713432000,25410700,67737300
2022-10-17,85250900,28142300,580774000,28419200,62782000
2022-10-18,99136600,26329600,659362000,24060700,65607400
2022-10-19,61758300,19985700,523131000,23811100,47198100
2022-10-20,64522000,21811000,652398000,25323200,48795100
2022-10-21,86548600,26299700,609494000,32458700,55660500
2022-10-24,75981900,24911200,517457000,27176400,49531500
2022-10-25,74732300,34775500,505482000,40611400,50934600
2022-10-26,88194300,82543200,532953000,88114100,68802300
2022-10-27,109180200,40424600,583113000,60710900,129605400
2022-10-28,164762400,40647700,521040000,43697300,223133400
2022-10-31,97943200,28357300,486341000,31675000,99251400
2022-11-01,80379300,30592300,432817000,47161400,153370000
2022-11-02,93604600,38407000,672628000,57038300,135761800
2022-11-03,97918500,36633900,500065000,61288000,136683300
2022-11-04,140814800,36789100,612576000,51124900,129101300
2022-11-07,83374600,33498000,410061000,34078900,77495700
2022-11-08,89908500,28192500,595292000,30429000,88703400
2022-11-09,74917800,27852900,454414000,31769100,90796200
2022-11-10,118854000,46268000,700819000,51620100,173414900
2022-11-11,93979700,34620200,655487000,33090500,111590500
2022-11-14,73374100,31123300,527852000,30179500,99533100
2022-11-15,89868300,31390100,545876000,41640800,111336300
2022-11-16,64218300,24093300,649547000,29105200,87958800
2022-11-17,80389400,23123500,710894000,26052600,82617900
2022-11-18,74829600,27613500,492072000,28342300,72428200
2022-11-21,58724100,26394700,404739000,21647400,84330300
2022-11-22,51804100,19665700,472866000,23438500,62192000
2022-11-23,58301400,19508500,427241000,18868100,59414700
2022-11-25,35195900,9200800,167934000,9701400,35088600
2022-11-28,69246000,24778200,303741000,26237500,74943100
2022-11-29,83763800,17956300,298384000,20061700,65567300
2022-11-30,111380900,47594200,565298000,43647500,102805800
2022-12-01,71250400,26041500,470977000,28687100,68488000
2022-12-02,65447400,21528500,371389000,21480700,72496400
2022-12-05,68826400,23435300,352255000,24405100,71535500
2022-12-06,64727200,22463700,352694000,24910700,75503600
2022-12-07,69721100,20481500,372388000,31045400,68086900
2022-12-08,62128300,22611800,515456000,32213300,73305900
2022-12-09,76097000,20609700,465338000,28225400,67398500
2022-12-12,70462700,30665100,457328000,29420000,61999800
2022-12-13,93886200,42196900,656589000,40593700,100212000
2022-12-14,82291200,35410900,496888000,28733600,70298000
2022-12-15,98931900,35560400,478542000,40107000,84802900
2022-12-16,160156900,86102000,478232000,58011800,146144100
2022-12-19,79592600,29696400,354039000,29493000,83531500
2022-12-20,77432800,25150800,403260000,23453800,74348300
2022-12-21,85928000,23690600,325025000,24745600,59267200
2022-12-22,77852100,28651700,565045000,27658300,81431300
2022-12-23,63814900,21207000,349326000,23003000,57433700
2022-12-27,69007800,16688600,464902000,20097300,57284000
2022-12-28,85438400,17457100,351066000,19523200,58228600
2022-12-29,75703700,19770700,354923000,23333500,54995900
2022-12-30,77034200,21938500,310490000,23986300,62401200
2023-01-03,112117500,25740000,401277000,28131200,76706000
2023-01-04,89113600,50623400,431324000,34854800,68885100
2023-01-05,80962700,39585600,389168000,27194400,67930800
2023-01-06,87754700,43613600,405044000,41381500,83303400
2023-01-09,70790800,27369800,504231000,29003900,65266100
2023-01-10,63896200,27033900,384101000,30467800,67756600
2023-01-11,69458900,28669300,353285000,26862000,103126200
2023-01-12,71379600,27269500,551409000,30258100,85254800
2023-01-13,57809700,21333300,447287000,26329200,85549400
2023-01-17,63646600,29831300,511102000,32602400,72755000
2023-01-18,69672800,30028700,439624000,29116700,79570400
2023-01-19,58280400,28623000,452932000,37000400,69002700
2023-01-20,80223600,35389800,564967000,63191100,67481500
2023-01-23,81760300,31934000,655163000,40005100,76501100
2023-01-24,66435100,40234400,496204000,33078500,66929500
2023-01-25,65799300,66526600,449537000,42330000,94261600
2023-01-26,54105100,33454500,489535000,30114000,68523600
2023-01-27,70555800,26498900,542142000,33879800,87775600
2023-01-30,64015300,25867400,488611000,27226200,70691900
2023-01-31,65874500,26541100,498017000,29870700,66527300
2023-02-01,77663600,31259900,660477000,35531100,80450100
2023-02-02,118339000,39940400,564276000,69883800,158154200
2023-02-03,154357300,29077300,429366000,65309300,144374800
2023-02-06,69858300,22518000,452197000,31999600,81945200
2023-02-07,83322600,50841400,664150000,49010200,119501300
2023-02-08,64120100,54686000,559651000,94743500,75878300
2023-02-09,56007100,42375100,523876000,119455000,64622500
2023-02-10,57450700,25818500,550737000,54980700,52740100
2023-02-13,62199000,44630900,474919000,50076100,52841500
2023-02-14,61707600,37047900,675474000,54726100,56202900
2023-02-15,65573800,28922400,420575000,50169000,47957600
2023-02-16,68167900,29603600,412026000,42462600,56339200
2023-02-17,59144100,30000100,465888000,34284100,60029400
2023-02-21,58867200,28397400,410015000,33629300,56580400
2023-02-22,51011300,22491100,513184000,30884000,59534100
2023-02-23,48394200,29219100,1117995000,41206400,48467000
2023-02-24,55469600,24990900,589716000,36585100,57053800
2023-02-27,44998500,21190000,452994000,27502300,47470300
2023-02-28,50547000,22491000,455963000,30142000,43959300
2023-03-01,55479000,27565300,460026000,31111200,52299500
2023-03-02,52238100,24808200,389415000,32204400,55509400
2023-03-03,70732300,30760100,412393000,35160100,55759600
2023-03-06,87558000,24109800,437429000,32639300,52112400
2023-03-07,56182000,21473200,515154000,27835500,49100700
2023-03-08,47204800,17340200,513573000,34103300,44899100
2023-03-09,53833600,26653400,501257000,28813500,56218700
2023-03-10,68572400,28333900,474866000,35941000,69827500
2023-03-13,84457100,33339700,421890000,37335600,72397100
2023-03-14,73695900,33620300,474910000,36050200,60912700
2023-03-15,77167900,46028000,524486000,50622100,70731800
2023-03-16,76161100,54768800,583253000,65492000,84446900
2023-03-17,98944600,69527400,848547000,61028500,87300200
2023-03-20,73641400,43466600,432747000,32960400,62388900
2023-03-21,73938300,34558700,547408000,42110300,58597300
2023-03-22,75701800,34873300,797295000,43427400,57475400
2023-03-23,67622100,36610900,564889000,40797800,57559300
2023-03-24,59196500,28172000,454920000,30393300,56095400
2023-03-27,52390300,26840200,361026000,31120900,46721300
2023-03-28,45992200,21878600,356104000,32057900,38720100
2023-03-29,51305700,25087000,393694000,28779600,49783300
2023-03-30,49501700,25053400,364516000,33086200,53633400
2023-03-31,68749800,32766000,433933000,36863400,56750300
2023-04-03,56976200,24883300,398716000,25035400,41135700
2023-04-04,46278300,25824300,368592000,24420100,48662500
2023-04-05,51511700,22064800,515015000,28290500,45175400
2023-04-06,45390100,29770300,397654000,48711500,43808000
2023-04-10,47716900,23103000,395279000,27067400,37261200
2023-04-11,47644200,27276600,314378000,26311800,60417800
2023-04-12,50133100,27403400,446259000,24370300,56735000
2023-04-13,68445600,24222700,353615000,24843600,67925100
2023-04-14,49386500,20987900,395660000,26578000,51450500
2023-04-17,41516200,23836200,321471000,37571200,39919500
2023-04-18,49923000,20161800,604812000,26596400,39790500
2023-04-19,47720200,17150300,358660000,20905700,58398900
2023-04-20,52456400,23244400,427713000,27820800,57696900
2023-04-21,58337300,21676400,345103000,25800100,86774200
2023-04-24,41949600,26611000,339282000,23542800,69575600
2023-04-25,48714100,45772200,378527000,46664100,65026800
2023-04-26,45498800,64599200,406337000,53347600,73803800
2023-04-27,64902300,46462600,377161000,50089200,149961200
2023-04-28,55275900,36469600,292216000,36139800,130715900
2023-05-01,52472900,21294100,570329000,26681700,74728100
2023-05-02,48425700,26404400,402730000,30997200,73469400
2023-05-03,65136000,22360800,383387000,21795400,65051900
2023-05-04,81235400,22519900,321850000,23419500,45345500
2023-05-05,113453200,28197100,361494000,26639300,56951700
2023-05-08,55962800,21318600,344979000,26511400,49430900
2023-05-09,45326900,21340800,314869000,36360100,44089400
2023-05-10,53724500,30078000,369350000,63153400,78627600
2023-05-11,49514700,31680200,322149000,78900000,74924800
2023-05-12,45533100,19774700,274222000,41102300,49852700
2023-05-15,37266700,16336500,293926000,36266800,53011100
2023-05-16,42110300,26730300,449405000,45035600,71472900
2023-05-17,57951600,24315000,432535000,33323600,65655200
2023-05-18,65496700,27276000,748725000,35234200,73174100
2023-05-19,55809500,27546700,473908000,41353400,55056300
2023-05-22,43570900,24115700,372000000,35253000,70741100
2023-05-23,50747300,30797200,356253000,34046300,67576300
2023-05-24,45143500,23384900,721419000,34182600,63487900
2023-05-25,56058300,43301700,1543911000,42317000,66496700
2023-05-26,54835000,36630600,714397000,35635900,96779900
2023-05-30,55964400,29503100,923401000,35076700,64314800
2023-05-31,99625300,45950600,1002580000,37325800,72800800
2023-06-01,68901800,26773900,635873000,30772700,54375100
2023-06-02,61996900,25873800,482731000,26980100,61264400
2023-06-05,121946500,21307100,396094000,32305500,47950100
2023-06-06,64848400,20396200,388729000,26638300,45695200
2023-06-07,61944600,40717100,511998000,52539000,95663300
2023-06-08,50214900,23277700,417772000,29389200,62159300
2023-06-09,48900000,22529000,427717000,23778300,51396000
2023-06-12,54274900,24260300,388701000,28306400,51338000
2023-06-13,54929100,22951300,613208000,22278300,50564800
2023-06-14,57462900,26003800,740465000,30592300,52422500
2023-06-15,65433200,38899100,568622000,35246300,60458500
2023-06-16,101256200,46552000,655709000,45535600,84247100
2023-06-20,49799100,26375400,451153000,26097500,56930100
2023-06-21,49515700,25117800,551603000,30306300,52137700
2023-06-22,51245300,23556800,417737000,26952200,90354600
2023-06-23,53117000,23146900,358140000,34913600,71927800
2023-06-26,48088700,21520600,594322000,33969900,59989300
2023-06-27,50730800,24354100,462175000,39535900,46801000
2023-06-28,51216800,20259500,582639000,27091400,52149500
2023-06-29,46347300,16997000,380514000,24090900,40761000
2023-06-30,85213200,26832800,501148000,29532200,54350700
2023-07-03,31458200,12508700,198209000,14467900,28264800
2023-07-05,46920300,18172400,323618000,27584800,35895400
2023-07-06,45094300,28161200,303582000,24745200,40639900
2023-07-07,46815000,21214800,355881000,21709500,41992300
2023-07-10,59922200,32791400,353908000,35315200,61889300
2023-07-11,46638100,26698200,298244000,23078800,49951500
2023-07-12,60750200,29995300,481277000,30404400,54022800
2023-07-13,41342300,20567200,478204000,44297900,61170900
2023-07-14,41616200,28352700,772075000,33283100,54487100
2023-07-17,50520200,20363900,510488000,25716200,48450200
2023-07-18,48288200,64738600,569164000,26193600,54882900
2023-07-19,80507300,39732900,427502000,37224000,54531000
2023-07-20,59581200,33778400,537865000,37906800,59820600
2023-07-21,71951700,69405400,963769000,72937900,133307300
2023-07-24,45377800,26678100,382516000,29686100,45591100
2023-07-25,37283200,41637700,348081000,52509600,39236700
2023-07-26,47471900,58383700,364237000,61682100,53910100
2023-07-27,47460200,39635300,455976000,44952100,52610700
2023-07-28,48291400,28484900,331194000,36591200,46317400
2023-07-31,38824100,25446000,251055000,28055500,41901500
2023-08-01,35175100,18311900,237858000,23166800,42098500
2023-08-02,50389300,27761300,530142000,26273300,51027600
2023-08-03,61235200,18253700,324176000,20089500,88585200
2023-08-04,115956800,23741500,362666000,26147200,153128500
2023-08-07,97576100,17741500,322154000,22746300,71213100
2023-08-08,67823000,22327600,353843000,23535200,51710500
2023-08-09,60378500,22373300,586449000,24912900,50017300
2023-08-10,54686900,20113700,492705000,20857800,58928400
2023-08-11,52036700,24355500,533085000,19591100,42905800
2023-08-14,43675600,18836100,690286000,24695600,47148700
2023-08-15,43622600,16966300,676512000,19770700,42781500
2023-08-16,46964900,20698900,527451000,25216100,41675900
2023-08-17,66062900,21257200,452395000,33446300,48354100
2023-08-18,61172200,24755000,583768000,30504800,48497700
2023-08-21,46311900,24040000,692573000,25248700,41442500
2023-08-22,42038900,16084600,755293000,22054900,32905400
2023-08-23,52722800,21166400,779046000,27819700,42801000
2023-08-24,54945800,23281400,1156044000,28500700,43646300
2023-08-25,51449600,21684100,925341000,26762900,44147500
2023-08-28,43820700,14808500,685192000,20543300,34108400
2023-08-29,53003900,19284600,701397000,43075600,38646100
2023-08-30,60813900,15222100,735206000,28315800,36137000
2023-08-31,60794500,26411000,528570000,30053800,58781300
2023-09-01,45766500,14942000,463830000,21543700,40991500
2023-09-05,45280000,18553900,382653000,19403100,40636700
2023-09-06,81755800,17535800,468670000,18684500,41785500
2023-09-07,112488800,18381000,433330000,18844300,48498900
2023-09-08,65551300,19530100,473069000,23558300,38348200
2023-09-11,58953100,16583300,473966000,20763400,56764500
2023-09-12,90370200,17565500,349256000,18405500,42668500
2023-09-13,84267900,16544400,398355000,20749500,60465200
2023-09-14,60895800,20267000,370097000,24751000,64033600
2023-09-15,109259500,37679800,506831000,38919600,102909300
2023-09-18,67257600,16834200,500271000,21861300,42823500
2023-09-19,51826900,16505900,373064000,20353700,61482500
2023-09-20,58436200,21436500,367108000,29927500,46263700
2023-09-21,63149100,35560400,450736000,31503900,70343300
2023-09-22,56725400,21447900,479236000,26397300,59904300
2023-09-25,46172700,17836000,419091000,20094600,46017800
2023-09-26,64588900,26297600,402282000,25718700,73048200
2023-09-27,66921800,19410100,444935000,22746500,66553400
2023-09-28,56294400,19683600,424663000,22513100,54555000
2023-09-29,51861100,24147300,397830000,30859800,62411700
2023-10-02,52164500,20570000,433298000,22288000,48029700
2023-10-03,49594600,21033500,470850000,22989400,51565000
2023-10-04,53020300,20720100,361821000,26752300,44203900
2023-10-05,48527900,16965600,393483000,19832600,39660600
2023-10-06,57266700,25673600,434436000,27597600,46836700
2023-10-09,42390800,19891200,409675000,19278100,38773700
2023-10-10,43698000,20557100,368582000,27786600,42178600
2023-10-11,47551100,20063200,378137000,25884300,40741800
2023-10-12,56743100,19313100,481325000,24765500,55528600
2023-10-13,51427100,21072400,474115000,23420500,45786600
2023-10-16,52517000,22158000,375099000,28501900,42832900
2023-10-17,57549400,18338500,812333000,23515800,49344600
2023-10-18,54764400,23153600,627294000,23375000,42699500
2023-10-19,59302900,25052100,501233000,26066000,60961400
2023-10-20,64244000,25027700,477266000,26335700,56406400
2023-10-23,55980100,24374700,478530000,26317900,48260000
2023-10-24,43816600,31153600,401463000,44814300,46477400
2023-10-25,57157000,55053800,398379000,84366200,74577500
2023-10-26,70625300,37828500,541001000,57061100,100419500
2023-10-27,58499100,29856500,416784000,44566500,125309300
2023-10-30,51131000,22828100,388028000,28940100,72485500
2023-10-31,44846000,20265300,517969000,26292300,51589400
2023-11-01,56934900,28158800,437593000,30082400,61529400
2023-11-02,77334800,24348100,409172000,27124600,52236700
2023-11-03,79829200,23637700,424610000,26393100,44059800
2023-11-06,63841300,23828300,400733000,19052700,44970400
2023-11-07,70530000,25833900,343165000,29757300,53553500
2023-11-08,49340300,26767800,346719000,26425800,44521700
2023-11-09,53763500,24847300,540496000,23747800,36235400
2023-11-10,66133400,28042100,421245000,26913300,49287800
2023-11-13,43627500,19986500,384136000,18324800,35680600
2023-11-14,60108400,27683900,416954000,32395200,56674600
2023-11-15,53790500,26860100,475497000,23861500,63875700
2023-11-16,54412900,27182300,339756000,28013200,49653500
2023-11-17,50922700,40157000,325205000,37240600,49636700
2023-11-20,46505100,52465100,414120000,27815500,41951200
2023-11-21,38134500,28423100,565747000,22635300,71226000
2023-11-22,39617700,23345300,899420000,17813900,45669100
2023-11-24,24048300,10176600,294645000,12514300,22378400
2023-11-27,40552600,22179200,395662000,23436500,53762400
2023-11-28,38415400,20453100,401491000,18730000,42711700
2023-11-29,43014200,28963400,382005000,23967200,40610900
2023-11-30,48794400,30554400,526247000,38988300,65814000
2023-12-01,45704800,33040500,369317000,31442300,39951800
2023-12-04,43389500,32063300,437543000,36669900,48294200
2023-12-05,66628400,23065000,371718000,27384800,46822400
2023-12-06,41089700,21182100,380590000,23576200,39679000
2023-12-07,47477700,23118900,350823000,56767100,52352800
2023-12-08,53406400,20154400,359224000,32260100,41906000
2023-12-11,60943700,27708800,509728000,31138000,50907300
2023-12-12,52696900,24838300,372387000,29032800,44944300
2023-12-13,70404200,30955500,447792000,30104800,52766200
2023-12-14,66831600,43277500,391232000,38722400,58400800
2023-12-15,128538400,78502300,479948000,50847100,110089300
2023-12-18,55751900,21802900,412587000,32258000,62512800
2023-12-19,40714100,20603700,464444000,25476800,43171300
2023-12-20,52242800,26316700,397894000,49107200,50322100
2023-12-21,46482500,17708000,300425000,27488300,36305700
2023-12-22,37149600,17107500,252507000,26532200,29514100
2023-12-26,28919300,12673100,244200000,16780300,25067200
2023-12-27,48087700,14905400,233648000,19628600,31434700
2023-12-28,34049900,14327000,246587000,16045700,27057000
2023-12-29,42672100,18730800,389293000,18733000,39823200
2024-01-02,82488700,25258600,411254000,23711200,47339400
2024-01-03,58414500,23083500,320896000,24212100,49425500
2024-01-04,71983600,20901500,306535000,27137700,56039800
2024-01-05,62379700,21004600,415039000,22513900,45153100
2024-01-08,59144500,23134000,642510000,21404000,46757100
2024-01-09,42841800,20830000,773100000,24759600,43812600
2024-01-10,46792900,25514200,533796000,21320200,44421800
2024-01-11,49128400,27850800,596759000,24008700,49072700
2024-01-12,40477800,21661200,352994000,18785500,40484200
2024-01-16,65603000,27202300,449580000,22670500,41384600
2024-01-17,47317400,22234100,474394000,20968600,34953400
2024-01-18,78005800,23392100,491650000,25746400,37850200
2024-01-19,68903000,29331100,543501000,34271900,51651600
2024-01-22,60133900,27016900,452955000,32200400,43687500
2024-01-23,42355600,20525900,294654000,21636100,37986000
2024-01-24,53631300,24867000,560271000,25233500,48547300
2024-01-25,54822100,21021200,482777000,29149100,43638600
2024-01-26,44594000,17803300,390309000,26115500,51047400
2024-01-29,47145600,24510200,348733000,27784300,45270400
2024-01-30,55859400,33477600,410735000,36331800,45207400
2024-01-31,55467800,47871100,453795000,71910000,50284400
2024-02-01,64885400,30657700,369146000,40466500,76542400
2024-02-02,102551700,28256700,476578000,62499600,117218300
2024-02-05,69668800,25352300,680078000,38505400,55081300
2024-02-06,43490800,18382600,683111000,29128200,42505500
2024-02-07,53439000,22340500,495575000,25208900,47174100
2024-02-08,40962000,21225300,414422000,22563800,42316500
2024-02-09,45155200,22032800,436637000,26829500,56986000
2024-02-12,41781900,21202900,613710000,21564100,51050400
2024-02-13,56529500,27824900,602580000,27837700,56345100
2024-02-14,54630500,20401200,504917000,22704200,42815500
2024-02-15,65434500,21825500,420122000,37590700,49855200
2024-02-16,49752500,22296500,495327000,31468900,48107700
2024-02-20,53665600,24307900,704833000,25144700,41980300
2024-02-21,41371400,18518900,673755000,23223300,44420100
2024-02-22,52292200,27009900,865100000,27191900,55392400
2024-02-23,45119700,16295900,829388000,19493800,59715200
2024-02-26,40867400,16193500,503973000,53641800,44368600
2024-02-27,54318900,14835800,391705000,33099200,31141700
2024-02-28,48953900,13183100,393110000,37328600,28180500
2024-02-29,136682600,31947300,507289000,42133000,53805400
2024-03-01,73563100,17823400,479135000,31151100,31981200
2024-03-04,81510100,17596000,615616000,55999400,37381500
2024-03-05,95132400,26919200,520639000,40194800,37228300
2024-03-06,68587700,22344100,582520000,35318600,32090900
2024-03-07,71765100,18718500,608119000,37738200,34063300
2024-03-08,76267000,18002200,1142269000,39370400,37893200
2024-03-11,60139500,16120800,678364000,32437800,28484800
2024-03-12,59825400,22457000,668075000,27563400,36610600
2024-03-13,52488700,17115900,635713000,23347200,30772600
2024-03-14,72913500,34157300,602318000,42753400,43705800
2024-03-15,121752700,45079900,642086000,49475400,72147400
2024-03-18,75604200,20106000,668976000,69273700,31250700
2024-03-19,55215200,19837900,672171000,24070400,26880900
2024-03-20,53423100,17860100,479063000,21311500,29947200
2024-03-21,106181300,21296200,480372000,24755600,32824300
2024-03-22,71160100,17648500,586719000,29211800,27995400
2024-03-25,54288300,18060500,552136000,19229300,29815500
2024-03-26,57388400,16725600,513648000,22149100,29659000
2024-03-27,60273300,16705000,586067000,22879200,33272600
2024-03-28,65672700,21871200,435212000,24485400,38051600
2024-04-01,46240500,16316000,452441000,31730800,29174500
2024-04-02,49329500,17912000,433064000,24586000,32611500
2024-04-03,47691700,16502300,370067000,24705000,31046600
2024-04-04,53704400,19370900,434965000,34724700,41624300
2024-04-05,42104800,16554800,399678000,23459200,42374000
2024-04-08,37425500,14272400,283220000,20702000,39221300
2024-04-09,42373800,12496900,501700000,31079500,36520100
2024-04-10,49709300,16216600,431929000,22838600,35879200
2024-04-11,91070300,17966400,431637000,27166400,40020700
2024-04-12,101670900,19253800,426805000,25353700,38608800
2024-04-15,73531800,20273500,443077000,27136500,48052400
2024-04-16,73711200,16765600,370453000,20779500,32891300
2024-04-17,50901200,15855500,495400000,21763100,31359700
2024-04-18,43122900,21029900,447260000,19883000,30723800
2024-04-19,68149400,30565800,875198000,32615600,56000700
2024-04-22,48116400,20286900,596341000,26446200,37924900
2024-04-23,49537800,15734500,438559000,21151600,37046500
2024-04-24,48251800,15065300,512208000,22779100,34185100
2024-04-25,50558300,40586500,424641000,57109700,49249400
2024-04-26,44838400,29694700,551011000,64665300,43919800
2024-04-29,68169400,19582100,388971000,45610000,54063900
2024-04-30,65934800,28781400,363709000,33562900,94639800
2024-05-01,50383100,23562500,559863000,33493200,94645100
2024-05-02,94214900,17709400,377898000,24294500,54303500
2024-05-03,163224100,17446700,398341000,34662400,39172000
2024-05-06,78569700,16996600,376203000,21871300,34725300
2024-05-07,77305800,20018200,437342000,28039700,34048900
2024-05-08,45057100,11792300,325721000,19569100,26136400
2024-05-09,48983000,14689700,378013000,15346700,43368400
2024-05-10,50759500,13402300,335325000,29799900,34141800
2024-05-13,72044800,15440200,289680000,31327600,24898600
2024-05-14,52393600,15109300,296507000,25127100,38698200
2024-05-15,70400000,22239500,417735000,26948400,75459900
2024-05-16,52845200,17530100,323952000,27867900,38834500
2024-05-17,41282900,15352200,359691000,24479300,33175700
2024-05-20,44361300,16272100,318764000,22554400,30511800
2024-05-21,42309400,21453300,328946000,16989400,50839100
2024-05-22,34648500,18073700,548648000,17880000,28148800
2024-05-23,51005900,17211700,835065000,21024900,33670200
2024-05-24,36327000,11855300,429494000,16579400,27471600
2024-05-28,52280100,15718000,652728000,20572200,29927000
2024-05-29,53068000,15517100,557442000,23388700,32009300
2024-05-30,49889100,28394500,484553000,22931500,29184700
2024-05-31,75158300,47995300,613263000,37638900,58903900
2024-06-03,50080500,17484700,438392000,27459100,30786600
2024-06-04,47471400,14348900,403324000,26879600,27198400
2024-06-05,54156800,16988000,528402000,22068500,32116400
2024-06-06,41181800,14861300,664696000,23251000,31371200
2024-06-07,53103900,13621700,412386000,19661400,28021500
2024-06-10,97010200,13982900,313434100,23726700,34445600
2024-06-11,172373300,14551100,222551200,21540600,27265100
2024-06-12,198134300,22366200,299595000,27864700,33984200
2024-06-13,97862700,15960600,260704500,20913300,39721500
2024-06-14,70122700,13582000,309320400,18063600,25456400
2024-06-17,93728300,20790000,288504400,19618500,35601900
2024-06-18,79943300,17112500,294335100,21869900,36659200
2024-06-20,86172500,19877400,517768400,20160100,44726800
2024-06-21,241805100,34187100,649445800,57759000,70792500
2024-06-24,80727000,15913700,476060900,18298000,50610400
2024-06-25,55549700,16413400,414192600,23130200,45366400
2024-06-26,66213200,16507000,362975900,19839000,65103900
2024-06-27,49772700,14806300,252571700,18848900,74397500
2024-06-28,82542700,28362300,315516700,29156600,76930200
2024-07-01,60402900,17662800,284885500,16006100,41192000
2024-07-02,58046200,13979800,218374000,17372500,45600000
2024-07-03,37369800,9932800,215749000,10242100,31597900
2024-07-05,60412400,16000300,214176700,20967500,39858900
2024-07-08,59085900,12962300,237677300,21035900,34767300
2024-07-09,48076100,17207200,285366600,15121400,32700100
2024-07-10,62627700,18196100,248978600,15952500,32883800
2024-07-11,64710600,23111200,374782700,25625800,44565000
2024-07-12,53046500,16324300,252680500,22898400,30598500
2024-07-15,62631300,14429400,208326200,16474000,40683200
2024-07-16,43234300,17175700,214769500,18290700,33994700
2024-07-17,57345900,21778000,390086200,20734100,48076100
2024-07-18,66034600,20794800,320979500,25315700,51043600
2024-07-19,49151500,20940400,217223800,18881900,43081800
2024-07-22,48201800,15808800,258068900,24100300,39931900
2024-07-23,39960300,13107100,173911000,36352700,47537700
2024-07-24,61777600,26805800,327776900,49585200,41532400
2024-07-25,51391200,29943800,460067000,44852000,44464200
2024-07-26,41601300,23583800,293399100,41336900,29506000
2024-07-29,36311800,15125800,248152100,20293800,33270100
2024-07-30,41643800,32687600,486833300,18959700,39508600
2024-07-31,50036300,42891400,473174200,25729100,41667300
2024-08-01,62501000,30296400,523462300,24531400,70435600
2024-08-02,105568600,29437900,482027500,29130100,141448400
2024-08-05,119548600,40709200,552842400,53630700,83149400
2024-08-06,69660500,24946500,409012100,49004600,59950800
2024-08-07,63516400,20650900,411440400,25138600,48408200
2024-08-08,47161100,20203000,391910000,25578800,44616200
2024-08-09,42201600,19276700,290844200,28602300,36401000
2024-08-12,38028100,16762900,325559900,15895300,30072800
2024-08-13,44155300,19414300,312646700,18551700,39237900
2024-08-14,41960600,18267000,339246400,40591100,28843800
2024-08-15,46414000,20752100,318086700,31524300,51698500
2024-08-16,44340200,22775600,302589900,24208600,31489200
2024-08-19,40687800,15234000,318333600,22416200,31129800
2024-08-20,30299000,16387600,300087400,18341500,26255200
2024-08-21,34765500,16067300,257883600,22902000,35599100
2024-08-22,43695300,19361900,376189100,22493300,32047500
2024-08-23,38677300,18493800,323230300,13955700,29150100
2024-08-26,30602200,13152800,331964700,14190400,22366200
2024-08-27,35934600,13492900,303134600,11821900,29842000
2024-08-28,38052200,14882700,448101100,16407400,29045000
2024-08-29,51906300,17045200,453023300,19699800,26407800
2024-08-30,52990800,24308300,333751600,22123800,43429400
2024-09-03,50190600,20313600,477155100,38945300,37817500
2024-09-04,43840200,15135800,372470300,19353800,30309200
2024-09-05,36615400,14195500,306850700,18688700,40170500
2024-09-06,48423000,19609500,413638100,37912100,41466500
2024-09-09,67180000,15295100,273912000,39260500,29037400
2024-09-10,51591000,19594300,268283700,31118800,36233800
2024-09-11,44587100,19266900,441422400,29607700,42564700
2024-09-12,37455600,17395700,366052700,29621500,33544200
2024-09-13,36766600,15874600,238358300,29591200,26495400
2024-09-16,59357400,13834700,248772300,18379800,26065500
2024-09-17,45519300,18874200,231925900,20715600,26091700
2024-09-18,59894900,18898000,310318900,23677300,34448100
2024-09-19,66781300,21706600,293506400,26587700,39543200
2024-09-20,318679900,55167100,382462400,40896400,100378600
2024-09-23,54146000,15128900,206228500,24150900,36993100
2024-09-24,43556100,17015800,354966800,23332100,43478900
2024-09-25,42308700,13396400,284692900,18869200,26391100
2024-09-26,36636700,14492000,302582900,20319300,36334900
2024-09-27,34026000,14896100,271009200,21101300,36002300
2024-09-30,54541900,16807300,226553700,20413900,41583900
2024-10-01,63285000,19092900,302094500,28338100,36044900
2024-10-02,32880600,16582300,221845900,17760200,23704100
2024-10-03,34044200,13686400,277118000,15073100,30204300
2024-10-04,37245100,19169700,243678100,19047400,40890300
2024-10-07,39505400,20919800,346250200,22463100,42364200
2024-10-08,31855700,19229300,285722500,23072700,26372100
2024-10-09,33591100,14974300,246191600,31181800,26343100
2024-10-10,28183500,13848400,242311300,14144100,27785000
2024-10-11,31759200,14144900,170209500,15344300,25751600
2024-10-14,39882100,16653100,232347700,19016100,22614400
2024-10-15,64751400,18900200,377831000,20247200,32178900
2024-10-16,34082200,15508900,264879700,16406000,23456800
2024-10-17,32993800,14820000,306435900,21453400,25039400
2024-10-18,46431500,17145300,176090200,19757700,37417700
2024-10-21,36254500,14206100,264554500,20946500,24639400
2024-10-22,38846600,25482200,226311600,16568100,29650600
2024-10-23,52287000,19654400,285930000,18280500,31937100
2024-10-24,31109500,13581600,172354900,22412500,21647400
2024-10-25,38802300,16899100,205122100,19828900,29362100
2024-10-28,36087100,14882400,173586700,32138600,27930800
2024-10-29,35417200,17644100,157593600,42169000,35690200
2024-10-30,47070900,29749100,179418100,68890800,37707600
2024-10-31,64370100,53971000,270039600,44769000,75146800
2024-11-01,65276700,24230400,207127800,31796500,99687800
2024-11-04,44944500,19672300,187528200,21492700,38492100
2024-11-05,28111300,17626000,160537400,18242100,30564800
2024-11-06,54561100,26681800,242043900,33695500,72292200
2024-11-07,42137700,19901800,207323300,25352900,52878400
2024-11-08,38328800,16891400,175665800,22006200,36075800
2024-11-11,42005600,24503300,182325600,17450400,35456000
2024-11-12,40398300,19401200,198634700,25134900,38942900
2024-11-13,48566200,21502200,191903300,23184000,46212900
2024-11-14,44923900,30246900,194463300,31007500,42620300
2024-11-15,47923700,28247600,250132900,32504600,86591100
2024-11-18,44633700,24727000,221205300,20135300,36409900
2024-11-19,36211800,18133500,227834900,23434900,31197900
2024-11-20,35169600,19191700,309871700,18997100,32769000
2024-11-21,42108300,20780200,400946600,59734400,58800000
2024-11-22,38168300,24814600,236406200,38604600,31530800
2024-11-25,90152800,27691100,344941900,33135300,40685700
2024-11-26,45986200,23458900,190287700,20486700,41673700
2024-11-27,33498400,18332400,226370900,19266500,28061600
2024-11-29,28481400,16271900,141863200,14257200,24892400
2024-12-02,48137100,20207200,171682800,23789100,39523200
2024-12-03,38861000,18302000,164414000,22248700,32214800
2024-12-04,44383900,26009400,231224300,31615100,48745700
2024-12-05,40033900,21697800,172621200,21356200,41140200
2024-12-06,36870600,18821000,188505600,21462400,44178100
2024-12-09,44649200,19144400,189308600,25389600,46819400
2024-12-10,36914800,18469500,210020900,54813000,31199900
2024-12-11,45205800,19200200,184905200,67894100,35385800
2024-12-12,32777500,20834800,159211400,34817500,28204100
2024-12-13,33155300,20177800,231514900,25143500,28768100
2024-12-16,51694800,23598800,237951100,44934900,37552100
2024-12-17,51356400,22733500,259410300,43504000,35948100
2024-12-18,56774100,24444500,277444500,34166100,43281400
2024-12-19,60882300,22963700,209719200,32265200,39918700
2024-12-20,147495300,64263700,306528600,63462900,88279200
2024-12-23,40858800,19152500,176053500,25675000,28070000
2024-12-24,23234700,7164500,105157000,10403300,15007500
2024-12-26,27237100,8194200,116205600,12046600,16146700
2024-12-27,42355300,18117700,170582600,18891400,27367100
2024-12-30,35557500,13158700,167734700,14264700,28321200
2024-12-31,39480700,13246500,155659200,17466900,24819700
2025-01-02,55740700,16896500,198247200,20370800,33956600
2025-01-03,40244100,16662900,229322500,18596200,27515600
2025-01-06,45045600,20573600,265377400,29563600,31849800
2025-01-07,40856000,18139100,351782200,26487200,28084200
2025-01-08,37628900,15054600,227349900,24864800,25033300
2025-01-10,61710900,20201100,207602500,26665200,36811500
2025-01-13,49630700,17604800,204808900,21823700,27262700
2025-01-14,39435300,16935900,195590500,17174900,24711700
2025-01-15,39832000,19637800,185217300,21776000,31291300
2025-01-16,71759100,15300000,209235600,17815400,24757300
2025-01-17,68488300,26197500,201188800,27735100,42370100
2025-01-21,98070400,26085700,197749000,29971300,39951500
2025-01-22,64126500,27803800,237651400,26200600,41448200
2025-01-23,60234800,18389300,155915500,26951400,26404400
2025-01-24,54697900,15549500,234657600,23877500,25890700
2025-01-27,94863400,35647800,818830900,41728900,49428300
2025-01-28,75707600,23491700,579666400,24157900,41587200
2025-01-29,45486100,23581400,467120600,18218300,26091700
2025-01-30,55658300,54586300,392925500,24354700,32020700
2025-01-31,100959800,34161900,388161100,32001100,36110200
2025-02-03,73063300,25679100,371235700,27838300,37285900
2025-02-04,45067300,20532100,256550000,43856400,29713800
2025-02-05,39620300,16316700,262230800,70373900,38727300
2025-02-06,29925300,16309800,251483600,29297400,60897100
2025-02-07,39707200,22886800,228186300,49315000,77539300
2025-02-10,33115600,20817900,216989100,23105600,35419900
2025-02-11,53718400,18140600,178902400,21239500,23713700
2025-02-12,45243300,19121700,160278600,22072600,32285200
2025-02-13,53614100,23891700,197430000,21402500,31346500
2025-02-14,40896200,22758500,195479600,20448400,27031100
2025-02-18,48822500,21423100,219176600,29916700,42975100
2025-02-19,32204200,24114200,167536000,19549400,28566700
2025-02-20,32316900,23508700,143903600,20441500,30001700
2025-02-21,53197400,27524800,228217600,35199200,55323900
2025-02-24,51326400,26443700,251381100,29854200,42387600
2025-02-25,48013300,29387400,271428700,41913400,58958000
2025-02-26,44433600,19619000,322553800,35431300,39120600
2025-02-27,41153600,21127400,443175800,39991000,40548600
2025-02-28,56833400,32845700,389091100,48130600,51771700
2025-03-03,47184000,23007700,411381400,40770500,42948400
2025-03-04,53798100,29342900,398163300,45388000,60853100
2025-03-05,47227600,23433100,284337900,30954900,38610100
2025-03-06,45170400,23304600,321181900,28302000,49863800
2025-03-07,46273600,22034100,341755500,27385800,59802800
2025-03-10,72071200,32840100,366487400,43604000,62350900
2025-03-11,76137400,30380200,354865700,39587400,54002900
2025-03-12,62547500,24253600,323857500,28372400,43679300
2025-03-13,61368300,20473000,299033100,31756200,41270800
2025-03-14,60107600,19952800,277593500,31995900,38096700
2025-03-17,48073400,22474300,255501500,31184300,47341800
2025-03-18,42432400,19486900,299686900,42074800,40414900
2025-03-19,54385400,19185500,273426200,34275600,39442900
2025-03-20,48862900,18470500,248829700,28138500,38921100
2025-03-21,94127800,39675900,266498500,36625800,60056900
2025-03-24,44299500,21004500,228452500,30879100,41625400
2025-03-25,34493600,15775000,167447200,24174400,31171200
2025-03-26,34466100,16108400,293463300,28901600,32855300
2025-03-27,37094800,13766800,236902100,24508300,27317700
2025-03-28,39818600,21632000,229872500,48669300,52548200
2025-03-31,65299300,35184700,299212700,54603500,63547600
2025-04-01,36412700,19689500,222614000,30672900,41267300
2025-04-02,35905900,16092600,220601200,25041700,53679200
2025-04-03,103419000,30198000,338769400,46883400,95553600
2025-04-04,125910900,49209900,532273800,62259500,123159400
2025-04-07,160466300,50425000,611041300,76794100,109327100
2025-04-08,120859500,35868900,476243400,52200200,87710400
2025-04-09,184395900,50199700,612918300,70406200,116804300
2025-04-10,121880000,38024400,437812400,48022000,68302000
2025-04-11,87435900,23839200,313417300,33636200,50594300
2025-04-14,101352900,19251200,264705000,30333000,48002500
2025-04-15,51343900,17199900,228966900,27551500,43642000
2025-04-16,59732400,21967800,397016900,28187400,51875300
2025-04-17,52164700,21120200,292517500,33046600,44726500
2025-04-21,46742500,20807300,288501100,26049100,48126100
2025-04-22,52976400,19485000,241004800,26971800,56607200
2025-04-23,52929200,20545500,247526000,31128800,63470100
2025-04-24,47311000,22232300,220815000,45894000,43763200
2025-04-25,38222300,18973200,251064700,56034000,36414300
2025-04-28,38743100,16579400,207708500,29745800,33224700
2025-04-29,36827600,14974000,170444300,26809000,41667300
2025-04-30,52286500,36461100,235044600,34981100,55176500
2025-05-01,57365700,58938100,236121500,30203200,74266000
2025-05-02,101010600,30757400,190194800,25715000,77903500
2025-05-05,69018500,20136100,133163200,21341800,35217500
2025-05-06,51216500,15104200,158525600,21277200,29314100
2025-05-07,68536700,23295300,206758800,127490100,43948600
2025-05-08,50478900,23491300,198428100,57498700,41043600
2025-05-09,36453900,15324200,132972200,32435300,29663100
2025-05-12,63775800,22821900,225023300,44138800,75205000
2025-05-13,51909300,23618800,330430100,42382100,56193700
2025-05-14,49325800,19902800,281180800,48755900,38492100
2025-05-15,45029500,21992300,226632600,33146700,64347300
2025-05-16,54737900,23849800,226542500,42846900,43318500
2025-05-19,46140500,21336500,193154600,30426100,34314800
2025-05-20,42496600,15441800,161514200,46607700,29470400
2025-05-21,59211800,19216900,270608700,73416000,42460900
2025-05-22,46742400,18025600,187344000,74864400,38938900
2025-05-23,78432900,16883500,198821300,35211400,33393500
2025-05-27,56288500,20974300,192953600,37995700,34892000
2025-05-28,45339700,17086300,304021100,34784000,28549800
2025-05-29,51396800,13974800,369241900,29317300,34650000
2025-05-30,70819900,34770500,333170900,52639900,51679400
2025-06-02,35423300,16626500,197663100,38612300,29113300
2025-06-03,46381600,15743800,225578800,45084900,33139100
2025-06-04,43604000,14162700,167120800,26900800,29915600
2025-06-05,55126100,20131700,231397900,36379100,51864200
2025-06-06,46607700,15285600,153986200,35731800,39832500
2025-06-09,72862600,16469900,185114500,28935900,38102500
2025-06-10,54672600,15375900,155881900,61766100,31303300
2025-06-11,60989900,16399200,167694000,31646800,39326000
2025-06-12,43904600,18950600,162365000,20941900,27640000
2025-06-13,51447300,16814500,180820600,27663100,29337800
2025-06-16,43020700,15626100,183133700,27389200,33284200
2025-06-17,38856200,15414100,139108000,24973000,32086300
2025-06-18,45394700,17526500,161494100,28707500,44360500
2025-06-20,96813500,37576200,242956200,75659900,75350700
2025-06-23,55814300,24864000,154308900,57671000,37311700
2025-06-24,54064000,22305600,187566100,40524300,38378800
2025-06-25,39525700,17495100,269146500,35479000,31755700
2025-06-26,50799100,21578900,198145700,31796700,50480800
2025-06-27,73188600,34539200,263234500,108140200,119217100
2025-06-30,91912800,28369000,194580300,63378900,58887800
2025-07-01,78788900,19945400,213143600,35904500,39256800
2025-07-02,67941800,16319600,171224100,29128900,30894200
2025-07-03,34955800,13984800,143716100,21689700,29632400
2025-07-07,50229000,13981600,140139000,34175600,36604100
2025-07-08,42848900,11846600,138133000,40442500,45692000
2025-07-09,48749400,18659500,183656400,43025600,38155100
2025-07-10,44443600,16492100,167704100,29252400,30370600
2025-07-11,39765800,16459500,193633300,34282900,50518300
2025-07-14,38840100,12058800,136975800,32536600,35702600
2025-07-15,42296300,14927200,230627400,33448300,34907300
2025-07-16,47490500,15154400,158831500,33104200,39535900
2025-07-17,48068100,17503100,160841100,31992600,31855800
2025-07-18,48974600,21209700,146456400,34014500,37833800
2025-07-21,51377400,14066800,123126100,45803100,40297600
2025-07-22,46404100,13868600,193114300,44660200,37483700
2025-07-23,46989300,16396600,154082200,58681900,28294900
2025-07-24,46022600,16107000,128984600,74881700,42902300
2025-07-25,40268800,19125700,122316800,39785900,28712100
2025-07-28,37858000,14308000,140023500,38139500,26300100
2025-07-29,51411700,16469200,154077500,41389200,33716200
2025-07-30,45512500,26380400,174312200,32445400,32993300
2025-07-31,80698400,51617300,221685400,51329200,104357300
2025-08-01,104434500,28977600,204529000,34832200,122258800
2025-08-04,75109300,25349000,148174600,31547400,77890100
2025-08-05,44155100,19171600,156407600,31602300,51505100
2025-08-06,108483100,21355700,137192300,21562900,54823000
2025-08-07,90224800,16079100,151878400,26321800,40603500
2025-08-08,113854000,15531000,123396700,39161800,32970500
2025-08-11,61806100,20194400,138323200,25832400,31646200
2025-08-12,55626200,18667000,145485700,30397900,37185800
2025-08-13,69878500,19619200,179871700,28342900,36508300
2025-08-14,51916300,20269100,129554000,25230400,61545800
2025-08-15,56038700,25213300,156602200,34931400,39649200
2025-08-18,37476200,23760600,132008000,18526600,25248900
2025-08-19,39402600,21481000,185229200,24240200,29891000
2025-08-20,42263900,27723000,215142700,28955500,36604300
2025-08-21,30621200,18443300,140040900,19774600,32140500
2025-08-22,42477800,24324200,172789400,42827000,37315300
2025-08-25,30983100,21638600,163012800,29928900,22633700
2025-08-26,54575100,30835700,168688200,28464100,26105400
2025-08-27,31259500,17277900,235518900,23022900,21254500
2025-08-28,38074700,18015600,281787800,32339300,33679600
2025-08-29,39418400,20961600,243257900,39728400,26199200
2025-09-02,44075600,18128000,231164900,47523000,38843900
2025-09-03,66427800,16345100,164424900,103336100,29223100
2025-09-04,47549400,15509500,141670100,51684200,59391800
2025-09-05,54870400,31994800,224441400,46588900,36721800
2025-09-08,48999500,16771000,163769100,32474700,33947100
2025-09-09,66313900,14410500,157548400,38061000,27033800
2025-09-10,83440800,21611800,226852000,35141100,60907700
2025-09-11,50208600,18881600,151159300,30599300,37485600
2025-09-12,55824200,23624900,124911000,26771600,38496200
2025-09-15,42699500,17143800,147061600,58383800,33243300
2025-09-16,63421100,19711900,140737800,34109700,38203900
2025-09-17,46508000,15816600,211843800,34108000,42815200
2025-09-18,44249600,18913700,191763300,31239500,37931700
2025-09-19,163741300,52474100,237182100,55571400,97943200
2025-09-22,105517400,20009300,269637000,32290500,45914500
2025-09-23,60275200,19799600,192559600,26628000,70956200
2025-09-24,42303700,13533700,143564100,28201000,49509000
2025-09-25,55202100,15786500,191586700,31020400,52226300
2025-09-26,46076300,16213100,148573700,18503200,41650100
2025-09-29,40127700,17617800,193063500,32505800,44259200
2025-09-30,37704300,19728200,236981000,34724300,48396400
2025-10-01,48713900,22632300,173844900,31658200,43933800
2025-10-02,42630200,21222900,136805800,25483300,41258600
2025-10-03,49155600,15112300,137596900,30249600,43639000
2025-10-06,44664100,21388600,157678100,28894700,43690900
2025-10-07,31955800,14615200,140088000,23181300,31194700
2025-10-08,36496900,13363400,130168900,21307100,46686000
2025-10-09,38322000,18343600,182997200,27892100,46412100
2025-10-10,61999100,24133800,268774400,33180300,72367500
2025-10-13,38142900,14284200,153482800,24995000,37809700
2025-10-14,35478000,14684300,205641400,22111600,45665600
2025-10-15,33893600,14694700,214450500,27007700,45909500
2025-10-16,39777000,15559600,179723300,27997200,42414600
2025-10-17,49147000,19867800,173135200,29671600,45986900
2025-10-20,90483000,14665600,128544700,22350200,38882800
2025-10-21,46695900,15586200,124240200,47312100,50494600
2025-10-22,45015300,18962700,162249600,35029400,44308500
2025-10-23,32754900,14023500,111363700,19901400,31540000
2025-10-24,38253700,15532400,131296700,28655100,38685100
2025-10-27,44888200,18734700,153452700,35235200,38267000
2025-10-28,41534800,29986700,297986200,29738600,47100000
2025-10-29,51086700,36023000,308829600,43580300,52036200
2025-10-30,69886500,41023100,178864400,74876000,102252900
2025-10-31,86167100,34006400,179802200,39267900,166340800
2025-11-03,50194600,22374700,180267300,29786000,95997800
2025-11-04,49274800,20958700,188919300,30078400,51546300
2025-11-05,43683100,23024300,171350300,31010300,40610700
2025-11-06,51204000,27406500,223029800,37173600,46004200
2025-11-07,48227400,24019800,264942300,34479600,46374300
2025-11-10,41312400,26101500,198897100,29557300,36476500
2025-11-11,46208300,17980000,176483300,19842100,23564100
2025-11-12,48398000,26574900,154935300,24829900,31190100
2025-11-13,49602800,25273100,207423100,29494000,41401700
2025-11-14,47431300,28505700,186591900,31647200,38956700
2025-11-17,45018300,19092800,173628900,52670200,59919000
2025-11-18,45677300,33815100,213598900,49158700,60608400
2025-11-19,40424500,23245300,247246400,68198900,58335600
2025-11-20,45823600,26802500,343504800,62025200,50309000
2025-11-21,59030800,31769200,346926200,74137700,68490500
2025-11-24,65585800,34421000,256618300,85165100,54318400
2025-11-25,46914200,28019800,320600300,88632100,39379300
2025-11-26,33431400,25709100,183852000,51373400,38497900
2025-11-28,20135600,14386700,121332800,26018600,20292300
2025-12-01,46587700,23964000,188131000,41183000,42904000
2025-12-02,53669500,19562700,182632200,35854700,45785400
2025-12-03,43538700,34615100,165138000,41838300,35495100
2025-12-04,43989100,22318200,167364900,31240900,45683200
2025-12-05,47265800,22608700,143971100,28851700,33117400
2025-12-08,38211800,21965900,204378100,33909400,35019200
2025-12-09,32193300,14696100,144719700,30194000,25841700
2025-12-10,33038300,35756200,162785400,33428900,38790700
2025-12-11,33248000,24669200,182136600,42353700,28249600
2025-12-12,39532900,21248100,204274900,35940200,35639100
2025-12-15,50409100,23727700,164775600,29151900,47286100
2025-12-16,37648600,20705600,148588100,30585000,39298900
2025-12-17,50138700,24527200,222775500,43930400,44034400
2025-12-18,51630700,28573500,176096000,33518000,50272400
2025-12-19,144632000,70836100,324925900,59943200,85544400
2025-12-22,36571800,16963000,129064400,26429900,32261300
2025-12-23,29642000,14683600,174873600,25478700,29230200
2025-12-24,17910600,5855900,65528500,10097400,11420500
2025-12-26,21521800,8842200,139740300,10899000,15994700
2025-12-29,23715200,10893400,120006100,19621800,19797900
2025-12-30,22139600,13944500,97687300,17380900,21910500
2025-12-31,27293600,15601600,120100500,16377700,24383700
2026-01-02,37838100,25571600,148240500,32009400,51456200
2026-01-05,45647200,25250300,183529700,30195600,49733300
2026-01-06,52352100,23037700,176862600,31212100,53764700
2026-01-07,48309800,25564200,153543200,35104400,42236500
2026-01-08,50419300,18162600,172457000,31896100,39509800
2026-01-09,39997000,18491000,131327500,26214200,34560000
2026-01-12,45263800,23519900,137968500,33923900,35867800
2026-01-13,45730800,28545800,160128900,33517600,38371800
2026-01-14,40019400,28184300,159586100,28525600,41410600
2026-01-15,39388600,23225800,206188600,28442400,43003600
2026-01-16,72142800,34246700,187967200,40341600,45888300
2026-01-20,80267500,26130000,223345300,35361000,47737900
2026-01-21,54641700,37980500,200381000,35386600,47276100
2026-01-22,39708300,25349400,139636600,26253600,31913300
2026-01-23,41689000,38000200,142748100,27280000,33778500
2026-01-26,55969200,29291200,124799600,26042100,32825500
2026-01-27,49648300,29213900,143711600,21636200,38029200
2026-01-28,41288000,36875400,148552700,27434400,40882700
2026-01-29,67253000,128855300,171764400,39785600,47229600
2026-01-30,92443400,58566800,179489500,31024000,46585000
2026-02-02,73913400,42219900,165794100,32006100,37546100
2026-02-03,64394700,61424100,204019600,36506700,53831300
2026-02-04,90545700,45012400,207014100,70618400,51299900
2026-02-05,52977400,66289200,206312900,88205800,103509200
2026-02-06,50453400,53515300,231346200,56380500,179210900
2026-02-09,44623400,45480500,196387400,39640100,91178400
2026-02-10,34376900,44857900,136764800,39170000,67175000
2026-02-11,51931300,42491000,144192700,45406400,65545500
2026-02-12,81077200,40802400,189932500,47761300,83975400
2026-02-13,56290700,34091600,161888000,38499700,66321600
2026-02-17,58469100,32078800,162276900,39247600,69879200
2026-02-18,34203300,23223400,164749100,28482100,51003300
2026-02-19,30845300,28234000,126554500,25834400,35669600
2026-02-20,42070500,34015200,178422300,53210800,65881600
2026-02-23,37308200,43238300,171584800,31423000,53581500
2026-02-24,47014600,33884700,175123600,25615600,41137200
2026-02-25,33714300,43625500,250637100,29963600,41346400
2026-02-26,32345100,34405900,360807900,36431200,47756800
2026-02-27,72366500,51367200,311636500,44640600,57422800
2026-03-02,41827900,35474900,209095300,34790200,46001000
2026-03-03,38568900,38199200,178099400,35497000,43184900
2026-03-04,39803100,35808000,177731200,29536200,54731100
2026-03-05,49658600,39001300,198779700,35752300,60943400
2026-03-06,41120000,31123900,189021900,25576900,51152700
2026-03-09,38218500,30131900,177213600,29312100,54642900
2026-03-10,30590800,31706400,179118500,23239700,35678800
2026-03-11,26218900,25512100,145280400,24125700,34199300
2026-03-12,40794000,27263900,155762700,24928300,44349500
2026-03-13,36930000,26848000,160988400,23693100,35662100
2026-03-16,32074200,27733700,217307400,23519700,42209300
2026-03-17,32361600,26228300,182497800,21955200,44969900
2026-03-18,35757900,25908500,156683100,20009800,37846600
2026-03-19,34864100,25138800,170968500,25075800,36440600
2026-03-20,88331100,50853200,241323500,44364100,63694600
2026-03-23,40546100,29680100,182836300,29326900,44277400
2026-03-24,45152300,42733600,147667800,36864300,35351400
2026-03-25,28476700,31181200,162602100,29460700,36388800
2026-03-26,41796700,36836600,186152200,39080600,46746000
2026-03-27,47900000,37883400,196212700,35890600,56009800
2026-03-30,39446200,44797000,185627000,35141200,46373800
2026-03-31,49598100,45244400,226181300,43875400,58470100
2026-04-01,40059400,29417200,168132000,37684500,45955400
2026-04-02,31289400,24099100,143143200,21666500,31453000
2026-04-06,29329900,16146600,107564300,16945500,25385500
2026-04-07,62148000,21443300,132534900,23205400,28154600
2026-04-08,41032800,33064800,147732700,33547100,51092700
2026-04-09,28121600,30435300,116428500,23739200,65964200
2026-04-10,31291500,28111100,160459500,19152600,56912800
2026-04-13,36234700,35745800,133648200,18866400,42166200
2026-04-14,48370700,37504500,161307000,27721400,72685000
2026-04-15,49913500,45063400,185338400,24918800,43045200
2026-04-16,43323100,41642400,134012900,20541500,41895700
2026-04-17,61436200,48568200,160324400,25581900,52029300
2026-04-20,36590200,27582200,119381400,18784200,39463100
